L_501,L_503,L_511C,L_511R,L_512,L_521,L_551,L_561,L_562,Trasfega,Filtracao,Brassagem,Energia,anomaly
0.0,0.0,2384.407,0.0,3020.924,0.0,0.0,0.0,0.0,10397,14865.0,17563.8,102784.59,1
0.0,0.0,1621.611,0.0,6076.104,170.8,0.0,2640.0,0.0,12859,3640.0,13985.4,115752.86,1
2804.25,2814.027,3680.043,0.0,3817.594,35.4,0.0,271.2,1186.14,6238,0.0,14022.1,130246.6,1
3393.75,0.0,4069.322,0.0,6866.077,0.0,0.0,1642.08,797.52,3204,12852.0,12318.0,125788.4,1
2969.25,1831.95,3902.757,0.0,6665.538,305.5,18.84,2889.12,2341.26,8111,11021.0,1750.3,139058.8,1
1270.65,0.0,4051.473,0.0,6712.222,0.0,0.0,5122.56,1829.88,15553,4577.0,14610.3,142138.0,1
0.0,0.0,1386.928,0.0,5900.3,0.0,0.0,1123.8,0.0,6393,14248.0,3416.2,100031.0,1
0.0,720.36,4411.187,0.0,6109.595,482.5,0.0,0.0,0.0,3370,12540.0,14135.3,105719.0,1
1894.65,3255.213,4418.728,0.0,5549.215,138.5,0.0,0.0,0.0,6240,10523.0,8944.8,120743.0,1
2558.7,1509.03,3468.918,0.0,3638.965,424.5,216.288,0.0,1164.0,13665,8501.0,17876.5,141548.0,1
0.0,1286.16,4422.732,0.0,6002.465,195.3,596.88,1860.96,1840.8,12181,12740.0,10882.5,145840.0,1
0.0,0.0,3474.541,0.0,4111.624,0.0,0.0,406.92,3126.72,10304,5676.0,16234.3,121890.143,1
0.0,0.0,2707.059,0.0,6141.996,152.0,0.0,2029.56,3371.76,9176,17243.0,12114.9,133808.195,1
1638.0,2074.14,3987.147,0.0,6845.014,424.4,609.84,2030.52,3733.35,3248,12503.0,13770.8,143586.33,1
2358.75,0.0,3128.16,0.0,3977.34,56.1,0.0,2073.72,2266.98,3189,11006.0,0.0,101288.66,1
3654.0,0.0,2738.349,0.0,4411.022,352.0,0.0,2696.4,2665.08,9712,11493.0,10465.0,122608.39,1
1497.6,2877.645,3789.483,0.0,5294.445,210.0,196.992,2164.8,2525.82,6037,7400.0,10842.2,137127.0,1
3056.7,2824.17,3694.081,0.0,6005.533,203.2,192.211,2229.0,1688.46,12797,16677.0,13877.6,147880.9,1
3064.95,3098.79,3074.186,0.0,6831.457,192.0,387.72,2718.48,1662.48,3763,14538.0,15873.1,152452.9,1
2570.85,301.53,4278.786,0.0,4802.982,216.2,600.96,3227.52,1828.56,13383,16060.0,15959.0,149644.4,1
0.0,2719.98,3469.749,0.0,7094.983,244.0,0.0,2314.92,2532.15,11357,27640.0,5519.4,130350.7,1
0.0,211.14,3716.254,0.0,5797.892,338.5,0.0,1477.8,3690.9,0,14030.0,14053.6,123376.152,1
0.0,0.0,4316.914,0.0,6126.825,0.0,0.0,0.0,1077.0,6258,17180.0,16197.2,114108.1821,1
0.0,0.0,1328.012,0.0,6236.496,279.1,0.0,2965.68,1452.36,6306,0.0,14458.9,111824.64,1
0.0,1567.542,1559.5,0.0,6691.322,109.0,0.0,2017.44,1902.06,6389,0.0,8750.6,131105.0,1
2980.95,3016.197,3213.318,0.0,3225.66,552.0,0.0,2503.2,1143.0,9577,0.0,15607.6,135487.0,1
2469.0,2678.511,3000.403,0.0,4264.672,315.3,180.897,1993.32,3685.35,10174,3709.0,11015.5,141980.0,1
2894.85,1105.38,3329.83,0.0,5367.034,223.0,0.0,1993.32,4037.04,6336,20095.0,15841.7,144610.0,1
507.3,0.0,3330.042,0.0,6419.644,0.0,0.0,0.0,3800.52,10101,9550.0,8498.8,113431.0,1
0.0,633.42,1529.617,0.0,6155.594,0.0,179.533,2027.88,3061.92,6436,11330.0,12776.1,124362.0,1
2818.725,3023.58,3355.901,0.0,5804.67,0.0,0.0,1405.68,1574.58,5598,5080.0,1785.3,129461.0,1
3437.85,2583.36,3968.787,0.0,1959.638,120.0,0.0,0.0,994.68,6372,19773.0,15786.4,133493.0,1
1951.05,0.0,2168.212,0.0,6631.038,330.0,0.0,1200.96,3155.424,15400,10000.0,14122.2,137011.0,1
0.0,0.0,4186.132,0.0,6161.163,0.0,0.0,1633.8,822.6,4785,12230.0,5331.6,110192.0,1
0.0,1605.009,3798.046,0.0,3943.608,411.5,0.0,823.44,2106.96,6382,5800.0,0.0,114452.0,1
0.0,2940.987,3571.967,0.0,3903.257,328.4,0.0,2673.48,4441.35,9374,14900.0,14229.1,136808.0,1
2216.7,3041.52,3532.989,0.0,6781.18,120.0,587.28,2586.96,0.0,2914,15580.0,19431.9,139134.0,1
3343.2,1467.147,3551.051,0.0,6304.042,603.5,0.0,1819.08,2633.4,14071,5700.0,14365.9,144414.0,1
2438.25,2932.914,3354.026,0.0,6919.904,0.0,0.0,1885.92,3889.32,8470,7800.0,3517.5,118928.0,1
0.0,0.0,1747.026,0.0,4425.023,0.0,0.0,0.0,0.0,14644,10387.0,12515.0,95289.0,1
0.0,0.0,4416.236,0.0,3650.948,249.0,0.0,0.0,0.0,6279,10990.0,19101.5,103918.0,1
399.9,0.0,2425.73,0.0,6174.882,355.9,0.0,0.0,663.84,9869,9165.0,17749.7,111490.0,1
2246.4,372.6,3748.524,0.0,4391.21,0.0,0.0,1390.44,1761.54,6148,6218.0,14575.7,136104.0,1
2758.2,1994.1,3082.046,0.0,6423.68,257.2,0.0,797.88,1832.46,6284,17811.0,12205.7,140517.0,1
2242.8,2191.371,2604.074,0.0,4698.273,216.1,0.0,0.0,1318.98,15889,16120.0,8729.6,119145.843,1
2657.7,2731.779,2547.821,0.0,6266.436,0.0,0.0,0.0,0.0,9130,14140.0,0.0,109283.5,1
0.0,0.0,3608.774,0.0,6057.544,0.0,0.0,0.0,0.0,5824,11540.0,0.0,81771.9,1
2215.5,0.0,2566.011,0.0,6390.713,386.2,0.0,0.0,2263.44,2640,7912.0,15994.1,116624.5,1
2479.95,0.0,2407.837,0.0,2123.378,24.3,23.76,0.0,1469.88,9381,3340.0,1678.6,97211.9,1
2634.0,0.0,2157.051,0.0,6808.296,253.0,0.0,0.0,840.0,12451,17641.0,15203.1,115698.23,1
0.0,0.0,4558.924,0.0,6244.203,0.0,0.0,0.0,0.0,9161,10570.0,19493.4,104830.4,1
0.0,2424.522,3895.727,0.0,5221.936,215.1,0.0,811.8,3036.75,6294,10370.0,17561.9,139547.4,1
2353.8,3067.74,3814.87,0.0,4588.037,390.0,0.0,1123.68,1917.51,7265,10092.0,0.0,127844.2,1
2769.6,3021.027,4328.117,0.0,1958.226,0.0,125.88,0.0,1785.75,9486,14250.0,5057.5,119730.3,1
2997.9,2949.75,926.806,272.683,4134.262,0.0,436.44,567.36,1731.36,6318,6260.0,12831.6,137161.6,1
0.0,0.0,2532.229,0.0,7295.038,0.0,0.0,0.0,0.0,6435,4800.0,0.0,70482.8,1
0.0,1691.19,4275.997,0.0,4043.514,0.0,0.0,0.0,0.0,6324,9676.0,7037.8,82083.9,1
0.0,0.0,0.0,0.0,0.0,0.0,0.0,0.0,0.0,0,0.0,0.0,44254.3662,1
0.0,2528.091,2590.165,0.0,0.0,0.0,0.0,0.0,3718.92,9324,4500.0,11313.0,85749.5991,1
0.0,3288.747,3568.133,0.0,667.752,0.0,0.0,0.0,4324.68,6266,5150.0,12565.2,99554.9,1
0.0,418.485,3469.195,0.0,993.014,0.0,0.0,0.0,3442.74,0,11250.0,12264.0,95909.2,1
0.0,2018.25,4156.269,0.0,3549.711,0.0,0.0,0.0,4311.0,4890,5038.0,5688.0,96454.0,1
0.0,3415.5,3759.557,0.0,831.614,0.0,0.0,0.0,4999.32,4977,4242.0,13198.6,103109.0,1
0.0,3071.604,3320.436,0.0,0.0,0.0,0.0,0.0,3407.58,0,11277.0,12913.8,94963.0,1
0.0,3134.049,0.0,0.0,4222.627,0.0,0.0,0.0,1194.75,9275,10160.0,9210.0,96283.0,1
0.0,0.0,3375.986,0.0,3937.917,0.0,0.0,0.0,0.0,3131,6518.0,0.0,69226.0,1
0.0,322.92,2711.277,0.0,2017.339,0.0,0.0,0.0,4698.0,5947,3553.0,15534.9,93860.0,1
0.0,2574.39,3653.633,0.0,1352.4,0.0,0.0,0.0,3743.4,5844,0.0,12256.1,103166.0,1
0.0,2996.808,3229.889,0.0,2961.882,0.0,0.0,0.0,0.0,10114,6021.0,6391.0,86877.0,1
0.0,567.18,3740.749,0.0,3478.7,0.0,0.0,0.0,0.0,4832,9265.0,15866.8,93779.0,1
0.0,2993.91,2170.896,0.0,5513.545,0.0,0.0,607.8,784.08,2580,7433.0,14577.4,105259.0,1
0.0,2903.175,0.0,0.0,6169.677,0.0,0.0,0.0,3560.28,12115,7043.0,11582.6,103411.0,1
0.0,3246.174,3891.873,0.0,5854.866,0.0,0.0,0.0,4131.78,6177,11948.0,13635.3,118627.0,1
0.0,3395.283,3840.71,0.0,6328.131,0.0,179.928,0.0,3965.28,6355,11191.0,21531.7,119494.0,1
1203.3,947.922,3865.013,0.0,2807.174,0.0,0.0,1582.32,4732.32,9748,10939.0,13069.1,129132.0,1
0.0,3129.84,3717.787,0.0,4033.68,0.0,0.0,1886.4,4022.88,11557,6773.0,15799.1,124831.0,1
0.0,2996.808,4158.74,0.0,4005.585,0.0,0.0,1881.36,2747.1,9513,15554.0,10613.2,122331.0,1
0.0,1894.119,4031.152,0.0,5921.161,0.0,0.0,0.0,2967.63,6750,16517.0,5700.8,109008.0,1
1005.45,1004.295,1934.764,0.0,5265.554,0.0,0.0,1986.48,2181.18,12410,5938.0,10357.7,122755.0,1
3009.45,3005.364,4014.731,0.0,5250.1,0.0,0.0,2388.72,2053.62,10116,16953.0,14827.9,136153.0,1
3022.95,3160.062,4046.851,0.0,4385.522,0.0,0.0,2419.32,1879.2,9013,10477.0,9792.4,134053.0,1
3067.5,2790.705,4446.375,0.0,6036.279,0.0,0.0,2022.12,2193.0,6137,10802.0,10743.7,132222.0,1
3293.55,3255.213,3840.944,0.0,5953.843,0.0,0.0,3157.8,3197.28,11132,15003.0,15938.2,143401.0,1
1643.7,2786.841,3960.373,0.0,6031.881,0.0,0.0,2046.48,2388.33,5997,15916.0,14171.1,136597.0,1
0.0,0.0,4303.409,0.0,5986.891,0.0,0.0,0.0,3655.05,8648,13618.0,14048.1,115875.0,1
837.9,0.0,2340.273,0.0,2283.366,0.0,0.0,1544.64,3998.28,12122,10020.0,1772.4,108562.0,1
2770.2,0.0,3552.968,0.0,4447.8,0.0,0.0,2636.88,3879.21,3199,12335.0,6135.8,126497.0,1
3453.0,2694.519,3957.413,0.0,4431.0,0.0,123.0,2590.08,3385.734,12456,14037.0,17381.4,146045.0,1
2603.7,3355.608,3813.424,0.0,5080.32,0.0,420.72,3190.8,1530.432,9214,18720.0,15906.2,142225.0,1
2442.15,3384.45,4009.981,0.0,4896.696,0.0,538.92,0.0,2538.12,12533,15119.0,17863.5,142377.0,1
2866.5,2528.781,4247.817,0.0,4108.643,0.0,0.0,2249.88,2386.2,12300,13999.0,13481.7,145758.0,1
3240.45,0.0,4447.93,0.0,6681.073,0.0,0.0,0.0,3902.4,7933,12252.0,9300.3,124426.0,1
1349.25,0.0,1988.483,0.0,4339.279,0.0,0.0,1944.12,4326.36,6100,10372.0,8687.7,119827.0,1
0.0,0.0,3222.115,0.0,6069.124,0.0,451.68,2700.84,4756.44,6106,12177.0,13348.0,123067.0,1
0.0,1831.95,4448.74,0.0,5391.002,0.0,346.68,2984.52,2039.25,12587,15601.0,14135.9,122618.0,1
0.0,3086.784,4328.458,0.0,5174.322,0.0,0.0,2261.16,3377.85,9494,8350.0,16020.5,127863.0,1
1514.25,2704.041,4076.138,0.0,5305.904,0.0,0.0,2662.56,2750.55,14633,15800.0,12934.4,142746.0,1
3073.95,3407.841,3317.092,0.0,5675.469,0.0,0.0,2439.72,4037.28,5862,14019.0,11696.6,144767.0,1
3152.55,2857.842,4064.976,0.0,6148.614,0.0,0.0,0.0,4443.36,9519,16001.0,14568.8,135654.0,1
0.0,0.0,1128.091,0.0,2048.368,0.0,0.0,1901.52,2648.064,5039,3367.0,2276.2,106709.0,1
0.0,0.0,3033.334,0.0,3970.238,0.0,0.0,1582.56,1262.364,5448,8234.0,10644.5,114012.0,1
0.0,1134.015,3810.783,0.0,4861.529,0.0,0.0,1565.88,2786.97,12228,11033.0,9930.0,112234.0,1
723.45,3207.12,4065.254,0.0,6039.83,0.0,0.0,2635.92,3137.88,2606,14588.0,5702.0,127135.0,1
2820.9,0.0,2535.296,0.0,5610.668,0.0,0.0,2042.04,1117.14,9122,10670.0,7653.7,121362.0,1
1678.05,0.0,4442.37,0.0,6064.403,11.7,0.0,2526.36,1288.98,0,10531.0,10168.9,121013.0,1
0.0,0.0,3953.749,0.0,5453.828,0.0,0.0,0.0,311.67,12118,8920.0,13091.7,91032.0,1
0.0,0.0,1777.911,0.0,3812.591,80.0,0.0,0.0,3555.72,5894,11209.0,9897.9,110229.0,1
0.0,0.0,3435.391,0.0,5716.183,64.0,0.0,2830.92,1525.26,6082,5163.0,8532.9,119026.0,1
0.0,2353.59,4163.852,0.0,5223.67,0.0,0.0,3440.16,3490.38,6152,10066.0,5545.3,107125.0,1
0.0,2864.535,2797.201,0.0,6399.349,0.0,0.0,4104.0,2346.84,9243,16531.0,3233.1,128126.0,1
866.25,3805.764,4448.974,0.0,6635.033,0.0,0.0,4368.96,1233.288,12050,13036.0,5529.3,121908.0,1
2959.2,1285.47,3622.47,0.0,3333.757,0.0,0.0,1742.4,512.88,8750,7099.0,13058.7,118421.0,1
0.0,0.0,4091.943,0.0,3052.056,0.0,0.0,761.52,1679.76,6539,14420.0,9623.1,110422.0,1
0.0,0.0,3059.468,0.0,5103.84,0.0,193.752,986.4,2051.46,5894,3600.0,11255.5,111233.0,1
0.0,0.0,3690.012,0.0,2767.212,275.2,424.8,2023.44,1803.6,4200,9371.0,16513.5,114426.0,1
2218.65,353.97,4507.634,0.0,5547.444,0.0,373.08,1963.2,2862.36,14605,15856.0,11188.5,129330.0,1
3158.55,3479.601,4045.126,0.0,7231.308,0.0,509.28,2261.76,4116.45,11868,15667.0,5221.2,136214.0,1
3055.2,3496.23,3563.384,0.0,2462.586,0.0,0.0,3180.0,3286.68,9449,14916.0,15260.8,142388.0,1
1161.0,3160.062,3001.553,0.0,5406.198,0.0,0.0,3347.28,2377.26,8652,10291.0,16432.8,148409.0,1
0.0,0.0,4416.257,0.0,6056.988,0.0,0.0,865.2,3291.15,3036,12912.0,15871.6,118256.0,1
0.0,0.0,2345.002,0.0,6502.566,0.0,0.0,2845.92,6079.8,11317,10123.0,10753.2,121909.0,1
0.0,763.83,3812.189,0.0,5618.256,40.8,0.0,3988.8,2985.672,8855,12740.0,9235.3,130788.0,1
1479.6,3138.879,4281.044,0.0,3950.142,81.5,395.64,4196.52,1090.008,8439,6326.0,15140.8,138124.0,1
2780.55,4028.772,4369.418,0.0,5802.804,138.5,372.48,1825.2,1608.0,9399,21116.0,15939.1,149398.0,1
3021.6,94.53,4370.611,0.0,6210.918,0.0,0.0,1814.4,3265.47,9227,15318.0,7041.7,130038.0,1
321.15,1682.91,4039.801,0.0,6565.356,0.0,0.0,797.4,4134.3,6177,18550.0,5718.1,124701.0,1
3118.5,4216.452,4920.13,0.0,4741.043,0.0,0.0,4136.16,3103.32,11346,8680.0,0.0,120418.0,-1
497.55,456.78,2195.412,0.0,3378.425,0.0,0.0,1351.32,2429.43,3790,7433.0,1372.5,111190.0,1
0.0,0.0,3795.66,0.0,4049.365,0.9,0.0,3121.2,790.74,12199,14674.0,14659.2,110140.57,1
0.0,1906.125,4066.895,0.0,5693.991,0.0,0.0,3450.0,1128.96,4922,12656.0,12935.5,117327.87,1
0.0,2860.257,4395.808,0.0,6273.256,0.0,0.0,3261.6,1439.016,5963,8360.0,15990.1,132307.35,1
0.0,0.0,4925.582,0.0,6213.901,0.0,0.0,0.0,2556.954,5874,12474.0,16492.7,116837.54,1
0.0,2352.21,3657.253,0.0,5886.258,0.0,0.0,2048.16,3083.4,10437,5580.0,7439.7,122182.31,1
0.0,2504.01,4389.504,0.0,6091.236,0.0,200.664,3200.88,2403.78,5856,22826.0,3109.3,121523.6,1
0.0,3256.8,2191.855,0.0,7030.705,206.3,0.0,3715.32,1230.24,8938,15001.0,11995.0,126368.01,1
0.0,1894.05,3781.688,0.0,3678.346,0.0,0.0,2911.8,4496.28,13790,9800.0,11019.9,125139.7,1
2751.6,3588.0,4499.263,0.0,6803.817,0.0,0.0,3818.16,1576.44,11983,22120.0,14349.7,149867.35,1
2754.3,0.0,4534.323,0.0,6512.571,0.0,0.0,0.0,1862.64,4773,14000.0,15788.3,127625.28,1
3042.0,0.0,3397.691,0.0,6408.912,163.5,0.0,1752.0,2467.74,10059,11063.0,13682.9,131628.6,1
2717.55,213.141,3490.559,0.0,3376.904,0.0,0.0,2036.52,5793.0,6921,0.0,6927.7,125020.72,1
2972.7,2030.601,2662.735,0.0,4932.438,0.0,0.0,1830.0,2856.33,8476,0.0,4695.5,127398.4,1
1041.45,1790.067,4054.839,0.0,5218.5,306.0,0.0,2062.32,2930.88,11743,8065.0,18376.6,136829.83,1
0.0,2369.46,3964.101,0.0,5766.642,366.5,0.0,2629.2,4068.15,12720,10531.0,19412.4,138241.57,1
0.0,2737.851,4106.363,0.0,6409.284,0.0,0.0,3434.76,2798.82,6206,11550.0,14804.3,134308.54,1
0.0,1266.357,3895.983,0.0,6668.844,0.0,0.0,0.0,1950.348,15575,8680.0,15418.0,118328.56,1
793.8,0.0,3792.295,0.0,3787.056,0.0,0.0,1977.72,1653.12,2976,15862.0,14911.5,124000.29,1
3075.45,1812.63,3006.367,0.0,2512.692,0.0,402.0,1953.6,1826.64,8910,6953.0,5766.9,136849.58,1
2933.7,1863.0,2204.422,0.0,6912.276,359.5,0.0,3455.52,2847.72,8134,20871.0,12562.6,136052.15,1
3315.3,3542.322,2304.553,0.0,6895.602,173.5,0.0,2273.76,636.6,12154,9482.0,16587.3,134486.7,1
1467.9,3396.87,4101.933,0.0,7087.458,0.0,0.0,3794.4,1113.24,14754,13338.0,3591.4,124688.9,1
0.0,3764.778,4175.205,0.0,6553.89,0.0,0.0,3622.44,3475.68,16038,13555.0,17397.1,137523.3,1
1455.15,0.0,4542.182,0.0,3514.142,0.0,0.0,0.0,2398.56,5626,14514.0,17683.4,123465.4,1
3467.85,0.0,4410.165,0.0,5820.649,0.0,0.0,1200.0,1913.22,2951,13230.0,17581.0,137087.4,1
3476.4,1851.891,3938.52,0.0,6325.669,0.0,0.0,3182.4,3372.72,9290,12943.0,16424.3,147043.9,1
0.0,3376.86,3723.495,0.0,5041.652,389.4,0.0,2538.84,2758.56,9064,18631.0,16372.5,139668.0,1
3175.2,946.473,4434.106,0.0,6395.637,436.0,0.0,2634.0,4558.5,9366,10420.0,12760.0,140406.2,1
0.0,0.0,4083.955,0.0,0.0,0.0,0.0,643.68,5513.88,5975,18869.0,15791.6,117867.9117,-1
0.0,0.0,2110.574,0.0,0.0,0.0,0.0,2268.6,3817.488,6014,10174.0,11389.5,111874.15,1
1786.8,1359.921,4567.423,0.0,1359.921,0.0,407.88,542.4,1436.112,12603,15537.0,15805.7,128721.0,1
3450.9,3679.632,4261.363,0.0,3679.632,413.0,385.8,2726.4,1885.8,9159,15020.0,10680.7,138672.0,1
2135.4,3408.186,4072.965,0.0,3408.186,52.0,196.992,3900.24,1807.68,12707,19644.0,15997.9,150347.0,1
1976.4,4082.73,3803.03,0.0,4082.73,325.4,0.0,2187.24,2053.32,13312,11998.0,7179.8,134724.0,1
3447.15,0.0,3827.12,0.0,0.0,0.0,0.0,3246.36,1721.34,3239,16585.0,6263.2,130063.4,1
0.0,0.0,4126.599,0.0,0.0,0.0,0.0,0.0,2311.02,6264,14952.0,11731.8,109689.743,1
3463.5,3334.77,4165.344,0.0,3334.77,255.0,802.68,2008.92,3560.01,7761,16329.0,13910.4,152472.93,1
3658.5,2061.72,4020.758,0.0,2061.72,0.0,0.0,3241.2,4525.74,6256,18014.0,12270.5,146622.8,1
1800.6,3243.483,4366.479,0.0,3243.483,120.0,0.0,3290.64,5267.64,9859,14820.0,17587.8,148970.79,1
0.0,0.0,3892.532,0.0,0.0,0.0,0.0,0.0,0.0,9269,21199.0,18825.5,104701.59,-1
0.0,2067.102,2602.774,0.0,2067.102,0.0,0.0,1835.04,1384.08,15506,6024.0,11382.7,127561.962,1
0.0,3613.944,4275.805,0.0,3613.944,150.0,0.0,3149.64,976.5,6112,10441.0,3466.4,126838.701,1
2633.7,0.0,3667.519,0.0,0.0,247.9,0.0,2664.0,1250.73,8989,15568.0,17942.5,136413.67,1
3567.75,3415.638,3869.912,0.0,3415.638,0.0,0.0,1850.76,4357.26,11711,12995.0,17901.2,152215.34,1
1571.25,3128.391,4606.444,0.0,3128.391,322.0,0.0,1707.84,3118.26,12274,19870.0,8089.8,138900.38,1
2296.35,3188.421,4172.372,0.0,3188.421,78.3,0.0,0.0,4679.88,12884,19066.0,18304.4,143260.0,1
0.0,2972.313,4596.412,0.0,2972.313,0.0,0.0,0.0,4862.7,3905,16770.0,21670.7,140396.315,1
0.0,1456.728,2992.906,0.0,1456.728,0.0,0.0,0.0,3260.52,12260,0.0,3604.0,111527.46,1
0.0,0.0,4376.788,0.0,0.0,231.3,0.0,0.0,2507.82,9232,19249.0,12264.9,98916.0,1
2938.2,3064.221,4017.287,0.0,3064.221,388.0,182.232,265.68,2391.12,8517,9393.0,15806.6,126642.0,1
3303.75,3537.285,2134.771,0.0,3537.285,299.3,595.8,2179.32,4444.44,6426,17440.0,11857.9,149267.87,1
0.0,3320.556,1747.239,0.0,3320.556,0.0,0.0,0.0,3275.28,6367,5947.0,14854.0,124290.0,1
3312.3,2648.358,5358.612,0.0,2648.358,418.0,0.0,2394.48,3220.848,9841,16463.0,12033.2,137692.0,1
2203.35,0.0,3038.53,0.0,3375.923,185.8,0.0,1757.52,1655.64,12934,12773.0,1702.5,122722.0,1
1428.9,2783.874,2106.272,0.0,5932.7,219.4,378.96,2928.36,1239.0,9290,11185.0,13900.3,131996.0,1
1675.5,2998.947,3757.767,0.0,6104.43,450.0,0.0,2958.48,1649.508,6386,15730.0,17030.3,141323.0,1
3622.5,2935.467,4858.445,0.0,6569.948,279.0,0.0,2623.08,2378.784,6340,18181.0,16814.8,145189.0,1
1826.25,0.0,3881.499,0.0,6848.686,0.0,0.0,0.0,3041.88,6139,13350.0,11397.0,121274.0,1
0.0,0.0,4021.993,0.0,5191.835,0.0,0.0,2637.12,1461.39,5959,8160.0,3454.6,108081.0,1
0.0,0.0,3777.449,0.0,1240.319,0.0,0.0,2157.96,1288.23,12107,11980.0,10553.5,113382.0,1
3309.0,3457.797,4183.98,0.0,2906.976,287.9,0.0,2150.16,2011.47,10195,11650.0,15624.8,129512.0,1
3156.6,3640.578,3033.674,0.0,6296.295,181.5,0.0,2583.6,0.0,6399,15497.0,13595.6,131660.0,1
0.0,2926.221,3755.957,0.0,6460.721,406.5,0.0,2102.4,4.65,12241,10163.0,11248.1,124218.0,1
1750.35,2518.5,3510.751,0.0,6596.862,0.0,0.0,4045.8,0.0,16201,16159.0,12581.2,125373.0,1
1755.6,0.0,3399.608,0.0,6033.656,0.0,0.0,0.0,0.0,5982,12853.0,14746.6,109181.0,1
0.0,0.0,3979.308,0.0,5876.131,0.0,355.08,2229.0,480.0,6018,15121.0,15547.6,123024.0,1
3573.15,2959.341,3501.038,0.0,4705.133,0.0,0.0,3211.68,2130.96,12393,19280.0,8496.5,134551.0,1
3080.85,3172.275,3950.448,0.0,5476.302,390.0,197.352,2390.52,3878.01,5885,20319.0,11807.7,147324.0,1
3620.4,3525.693,4172.478,0.0,6445.388,181.0,0.0,1837.92,3093.9,12057,16023.0,10455.5,147525.0,1
3493.05,3034.206,4479.22,0.0,4301.794,230.0,0.0,2958.12,1034.58,6245,15526.0,14357.7,139624.0,1
1277.7,3353.4,4926.178,0.0,4751.796,0.0,0.0,0.0,1811.04,9886,10339.0,12448.0,132626.0,1
0.0,0.0,4244.728,0.0,5598.18,380.0,0.0,2539.44,1548.12,12089,12624.0,15091.3,128119.0,1
3555.15,3521.07,4003.016,0.0,5593.938,0.0,409.32,3186.96,2765.61,18558,13120.0,10695.8,143907.0,1
3322.5,3165.927,4291.801,0.0,7091.574,0.0,0.0,3473.76,3536.34,6212,13768.0,16045.4,152067.0,1
3296.7,3306.756,4340.428,0.0,6583.248,0.0,0.0,2944.44,1969.35,9907,17883.0,17392.4,154508.0,1
0.0,0.0,3686.519,0.0,6698.244,0.0,0.0,0.0,0.0,12300,16618.0,17704.6,104249.0,1
2626.05,1870.797,1823.067,0.0,7040.124,0.0,0.0,3097.92,1589.28,6231,15761.0,10916.5,140957.0,1
3532.5,3180.9,4149.793,0.0,7162.68,374.0,417.6,1712.28,2201.04,11930,17795.5,14071.5,147603.0,1
2551.2,2521.881,4131.583,0.0,7008.96,414.0,375.36,2416.92,2482.8,6323,29264.0,14574.1,152877.0,1
1516.2,2008.245,3506.129,0.0,4945.43,391.8,0.0,3066.12,1452.24,17699,12430.0,18189.0,147877.0,1
1215.9,3189.042,4215.44,0.0,6772.385,486.4,0.0,2336.4,3122.04,3888,10137.0,14676.7,143382.1,1
3786.3,2489.037,4200.488,0.0,5872.498,482.4,0.0,3082.08,4170.96,12791,19776.0,16863.0,158434.0,1
0.0,0.0,1879.768,0.0,2498.593,0.0,0.0,0.0,2453.52,6361,5497.0,4350.6,103000.0,1
2596.2,2677.338,4644.018,0.0,0.0,125.5,194.904,3917.04,1678.56,11744,11596.0,8495.8,111000.0,1
3283.8,696.21,4618.989,0.0,0.0,525.2,0.0,2621.28,1677.06,8337,16268.0,15622.5,123000.0,1
1969.8,2543.892,4022.249,0.0,3379.151,403.9,0.0,3276.48,4587.57,3095,12221.0,16389.4,149560.0,1
2594.1,3123.63,4475.513,0.0,6585.281,575.2,0.0,3754.44,4784.88,9137,13343.0,15386.4,157000.0,1
2773.05,1069.5,2864.914,0.0,2803.558,0.0,0.0,0.0,1704.48,11362,3630.0,1894.9,117000.0,1
2377.65,2249.262,3273.448,0.0,4214.881,37.5,51.72,1295.04,1123.992,7987,17694.0,10598.3,119000.0,1
1255.05,2686.446,4059.95,0.0,5567.009,507.5,532.56,2420.52,1820.52,14688,15586.0,13980.7,143000.0,1
1346.25,2609.787,4669.087,0.0,5912.647,315.2,410.64,1149.48,1705.2,12618,15581.0,15473.2,143505.0,1
2482.2,2954.718,4314.741,0.0,6267.565,238.5,0.0,3537.96,3337.98,12384,14400.0,13688.3,164749.0,1
2853.9,1800.9,4328.522,0.0,6834.322,172.0,0.0,3060.12,3695.52,12477,8900.0,16357.4,155191.0,1
1071.0,361.836,4032.836,0.0,6559.055,0.0,0.0,0.0,0.0,9998,16015.0,4947.7,114383.0,1
1474.2,2579.772,3905.845,0.0,5039.312,0.0,0.0,1985.64,1674.6,12742,11900.0,3209.3,118287.0,1
3057.3,471.96,3139.875,0.0,3634.255,274.0,195.984,3172.8,4063.5,12436,15867.0,12365.9,146847.0,1
3114.0,2193.786,4251.991,0.0,6569.892,463.5,425.52,3466.56,3456.0,12140,18128.0,13296.9,156002.0,1
3191.4,2934.432,2138.648,0.0,5873.868,185.7,373.68,3229.56,2825.49,11360,15831.0,16687.7,149225.0,1
2786.4,713.529,4119.078,0.0,7562.856,59.4,594.96,2242.2,2965.68,12666,10333.0,7235.5,141464.0,1
2971.35,2654.499,4283.089,0.0,6737.22,85.0,404.04,4724.4,0.0,6292,16231.0,17180.8,153601.0,1
2989.8,3084.576,5199.947,0.0,8201.298,168.5,0.0,4048.92,3595.86,6362,19799.0,11007.1,157232.0,1
2182.2,652.602,2102.31,0.0,3637.732,0.0,0.0,0.0,3100.32,9784,14753.0,18246.6,132642.0,1
621.15,0.0,2481.131,0.0,6802.243,104.0,0.0,3574.8,2075.85,6086,14635.0,14414.0,131887.0,1
2205.0,2299.218,4243.854,0.0,2843.142,89.5,189.648,3582.6,2595.84,12446,8930.0,5580.1,135720.0,1
3315.75,2600.679,4712.242,0.0,6740.992,76.8,811.08,3947.04,2244.78,12474,9706.0,12760.1,150582.0,1
3297.0,2970.519,4768.218,0.0,6682.162,488.0,0.0,2743.2,1449.42,12577,15973.0,13378.3,156247.0,1
1236.9,2868.537,3590.541,0.0,6802.647,0.0,0.0,0.0,921.24,6287,14712.0,17767.7,139919.0,1
0.0,991.461,3423.123,0.0,4036.089,75.3,618.6,1933.2,825.78,6217,11850.0,12247.6,135140.0,1
2355.75,2724.741,4472.744,0.0,5745.642,395.6,604.8,4125.72,2811.3,15523,15430.0,15881.4,160657.0,1
3519.75,3259.974,4418.771,0.0,6051.696,315.0,0.0,2246.64,2066.58,2953,13871.0,11564.4,139906.0,1
2669.7,2975.97,4801.574,0.0,6454.182,0.0,0.0,3469.2,1339.56,12039,17100.0,10738.9,143229.0,1
3039.45,2637.663,1982.753,0.0,6603.66,448.0,0.0,3794.28,3365.82,16967,12187.0,14122.2,146431.0,1
3105.6,178.089,3551.135,0.0,3667.02,412.5,0.0,3814.8,4398.33,3125,11897.0,15437.8,146885.0,1
992.7,2359.938,3392.963,0.0,5282.214,0.0,0.0,2620.8,1877.64,15921,11610.0,3389.6,136740.63,1
3135.9,2367.045,4651.451,0.0,5609.646,651.3,0.0,3742.32,1685.22,14788,15632.0,19464.2,157208.4,1
3352.95,2941.332,4596.966,0.0,7309.68,58.8,0.0,2096.64,1535.7,8945,19641.0,12644.5,154743.0,1
2665.65,2178.123,4446.822,0.0,3144.025,0.0,0.0,4164.6,1746.048,8774,10441.0,5413.3,145432.0,1
0.0,0.0,2323.659,0.0,6803.534,185.6,0.0,1708.44,3570.372,6130,12677.0,21161.5,133897.0,1
1360.8,2031.774,4367.949,0.0,6568.818,526.5,0.0,0.0,3007.86,15584,12826.0,11445.8,137458.8,1
3171.0,2535.75,3999.31,0.0,7102.891,102.3,0.0,633.12,2869.32,13128,17030.0,15081.7,143417.9505,1
3361.05,2584.671,4602.59,0.0,5245.299,395.0,0.0,1082.88,3102.0,12044,19350.0,15421.7,150491.484,1
3116.4,3049.11,3930.127,0.0,6511.803,75.1,0.0,4162.44,3970.62,9716,23708.0,11439.6,159684.162,1
3210.15,2790.912,4598.651,0.0,6715.653,0.0,0.0,3843.84,2014.8,0,14928.0,16475.0,153800.3775,1
3341.85,1168.308,3616.825,0.0,3558.87,321.2,0.0,3962.52,2839.02,9173,19564.0,10691.3,144146.1219,1
3090.3,2332.338,4424.671,0.0,5068.404,356.0,0.0,2900.04,1576.74,10831,11021.0,10896.6,146513.8,1
1023.75,2746.338,3662.195,0.0,3960.756,307.6,0.0,4565.88,1769.28,9063,13135.0,21366.2,160824.5,1
3663.3,2448.81,4383.178,0.0,6186.017,232.5,195.048,2367.48,775.86,12679,16601.0,16701.2,155534.1,1
3563.55,2978.592,4543.716,0.0,4167.496,410.7,0.0,3755.4,1897.62,9698,19404.0,5158.5,151338.5,1
3533.85,3147.711,4889.799,0.0,4294.92,210.0,0.0,3687.36,2107.68,12557,15865.0,16202.5,164078.8,1
2625.0,2988.045,4451.913,0.0,4665.192,225.5,0.0,3603.96,1920.12,10022,16550.0,16240.0,161057.2,1
3376.8,1201.221,2052.319,0.0,4645.368,437.3,407.4,2767.8,2861.64,9008,6418.0,16289.4,153275.2716,1
3002.7,2704.455,5192.791,0.0,6797.112,227.1,417.96,2241.48,4327.74,15793,21061.0,15963.0,158075.1,1
3483.9,3179.52,4547.784,0.0,4077.654,431.8,0.0,4277.28,3268.95,12835,15717.0,8951.9,155509.4,1
3439.8,2944.092,3504.702,0.0,4304.094,578.1,0.0,3903.12,2575.68,12784,18634.0,12700.1,148529.88,1
2621.4,3285.435,4146.131,0.0,6749.506,246.0,0.0,4407.72,3217.92,6312,12409.0,16472.8,162508.66,1
393.75,1756.947,2803.996,0.0,3959.424,0.0,0.0,1473.36,2088.96,5627,9868.0,1801.9,108758.5059,1
573.3,733.332,2170.108,0.0,5215.359,441.5,0.0,3377.4,3036.72,12355,11170.0,14493.1,136184.0,1
2814.0,2452.881,4060.888,0.0,6653.917,496.2,198.72,1379.16,1770.912,8309,17876.0,18309.7,149721.0,1
3285.15,2345.517,4536.154,0.0,6577.494,384.4,0.0,2719.8,1101.672,12077,11128.0,13649.0,155998.0,1
2063.4,2141.346,4381.24,0.0,5830.898,333.5,502.56,4164.96,1838.76,6373,20035.0,15833.6,156529.0,1
3049.95,2848.389,4136.78,0.0,4002.438,372.6,0.0,2798.4,1977.42,12689,16839.0,7311.1,151327.0,1
2406.6,2288.454,4630.13,0.0,4001.84,352.5,0.0,3737.16,1534.14,10060,11102.0,17897.7,152543.0,1
2770.05,2501.043,4511.852,0.0,6213.018,0.0,0.0,4203.48,1644.72,10027,19442.0,12448.7,153273.0,1
1093.2,2118.3,4628.064,0.0,6999.468,457.3,0.0,2303.76,4434.12,15320,17126.0,17273.1,158867.808,1
2457.0,2850.39,4716.885,0.0,5071.92,442.0,0.0,3442.8,1723.26,9244,15017.0,11326.4,152784.8454,1
2705.55,2216.211,3524.425,0.0,6946.8,526.4,0.0,3204.0,3602.07,11278,15406.0,12387.5,154850.487,1
3074.4,2466.957,1638.95,0.0,4608.647,440.7,0.0,2273.4,1393.2,12812,21043.0,17973.9,148516.6848,1
3427.2,2250.228,3894.705,0.0,6599.0,0.0,0.0,3812.52,4154.64,12604,18156.0,14138.5,157525.4274,1
2182.35,2640.216,4469.273,0.0,6666.91,383.1,0.0,3521.64,1158.06,11329,17098.0,8631.9,146152.3272,1
3420.9,3009.366,1923.517,0.0,6818.625,592.6,0.0,4172.28,2072.4,6405,13136.0,19505.5,157634.0,1
3463.95,2991.012,4198.017,0.0,6605.538,341.0,376.32,2913.84,1703.82,9836,13068.0,21309.7,162132.0,1
0.0,2546.79,0.0,0.0,6006.38,0.0,0.0,0.0,1648.2,6294,9100.0,6831.4,118259.0,1
2226.816,2534.508,2340.912,0.0,6487.03,235.0,0.0,3304.32,2826.0,12304,12000.0,19976.0,147141.9,1
2721.6,2640.492,2392.509,0.0,5487.116,0.0,0.0,0.0,3286.98,6706,16338.0,0.0,127981.7,1
3224.592,1009.125,3862.656,0.0,3199.835,315.0,0.0,2071.32,4378.62,12366,10019.0,10868.3,135531.9504,1
1078.272,2438.874,1102.689,0.0,6017.395,340.1,393.0,2625.6,3946.68,13661,9625.0,14894.1,139207.4871,1
2443.392,3254.04,3654.42,0.0,6622.807,186.1,0.0,2740.68,4165.308,3004,10950.0,16256.9,158050.5333,1
3047.76,2007.486,2787.813,0.0,6479.444,368.7,411.72,3658.8,1308.312,12361,17507.0,11253.0,146880.3963,1
2192.544,2875.23,3520.146,0.0,6551.549,130.0,0.0,3753.24,2173.92,12567,15257.0,13034.2,154144.0,1
1642.032,2731.986,3952.011,0.0,3502.663,182.5,0.0,4115.88,1866.18,6001,16751.0,9526.8,144383.8,1
2042.784,3213.123,2451.519,0.0,4706.868,0.0,0.0,0.0,1939.98,6488,10224.0,18924.2,139742.4,1
1107.36,3091.269,3207.771,0.0,7558.725,0.0,150.197,2509.8,1732.44,12774,18310.0,11122.1,132218.0,1
3050.496,2255.196,4132.149,0.0,522.144,270.0,0.0,3802.8,4627.44,9790,12170.0,14476.0,140409.0,1
3216.96,2757.171,3661.98,0.0,3942.582,507.2,0.0,2596.2,5647.65,13060,13670.0,15834.0,153115.0,1
3098.016,2554.173,3785.019,0.0,5284.314,130.5,0.0,3018.6,2960.4,3005,15572.0,0.0,137316.0,1
2771.856,2918.631,3257.856,0.0,4183.452,0.0,0.0,0.0,490.32,9852,10237.0,15857.2,130756.0,1
638.784,2840.937,3483.48,0.0,5115.726,274.5,0.0,3051.96,3600.72,10307,16721.0,12304.9,144302.0,1
3265.632,1261.458,3086.559,0.0,4529.154,300.0,0.0,1648.56,2355.66,13533,12229.0,6343.9,136095.0,1
2744.496,3087.267,4159.974,0.0,5356.462,214.3,387.6,3708.72,1808.46,12695,11948.0,0.0,138780.0,1
3091.968,2533.68,3924.732,0.0,4731.884,590.0,0.0,4204.08,1049.7,9173,9119.0,14237.8,146328.0,1
1174.608,2899.863,4156.089,0.0,6428.32,178.0,0.0,4064.88,2049.57,8269,24951.0,14352.4,145968.0,1
907.2,2878.818,3220.266,0.0,6349.436,0.0,0.0,3578.28,1523.952,8133,5145.0,19540.5,146273.0,1
2898.144,2247.054,3639.846,0.0,4982.337,227.0,39.811,3241.56,2060.64,3833,17992.0,20104.8,151084.0,1
1516.464,2608.545,2221.506,0.0,6223.261,229.5,142.541,3790.32,3302.94,3074,7150.0,19565.4,159482.0,1
2828.304,2819.34,4158.168,0.0,6172.572,239.0,0.0,3101.64,4202.25,6147,0.0,13949.5,147271.0,1
0.0,1633.23,3126.564,0.0,2354.184,272.5,0.0,0.0,1456.62,7282,1000.0,12200.0,128597.0,1
2502.576,938.262,4195.359,0.0,5993.791,210.9,0.0,3724.56,1503.9,19106,18412.0,12532.4,152673.0,1
3100.176,3504.372,4150.419,0.0,2661.003,182.8,0.0,3794.76,1669.2,3335,13874.0,17819.7,152635.0,1
1673.28,2829.621,3013.353,0.0,5488.327,150.0,251.604,3028.8,1250.94,5930,13522.0,13947.1,141935.0,1
2694.24,2934.018,4515.525,0.0,1695.063,267.9,0.0,3483.84,2022.78,12142,16625.0,14541.8,151870.0,1
2082.384,3047.04,4475.646,0.0,5917.247,0.0,0.0,0.0,1795.8,6499,11195.0,23336.1,142098.0,1
0.0,2804.16,4138.512,0.0,6626.802,148.0,0.0,1535.16,1574.82,9708,17542.0,15067.4,137357.0,1
2447.568,2948.577,2899.89,0.0,4035.605,120.0,0.0,4094.64,0.0,12593,8226.0,13980.3,131218.0,1
820.08,2292.732,3078.432,0.0,5646.216,267.0,0.0,3022.08,3334.05,6383,13880.0,7074.1,129183.0,1
3094.848,3301.305,4154.094,0.0,3800.198,413.9,0.0,1621.08,5664.0,9107,18500.0,10250.2,138994.0,1
366.624,0.0,3252.774,0.0,6010.536,0.0,0.0,0.0,1324.5,15818,14460.0,14978.4,113700.0,1
2861.712,2775.87,4370.688,0.0,6312.768,356.7,0.0,623.04,3009.63,12530,16540.0,8560.2,137601.0,1
3037.104,2589.294,4497.276,0.0,3057.421,189.8,0.0,4663.32,4688.55,8231,7640.0,12701.2,157325.0,1
2941.632,2614.41,2305.968,0.0,7192.468,278.4,0.0,2836.44,1376.58,3185,13880.0,16479.5,150074.0,1
819.216,1997.205,4458.573,0.0,5901.874,145.5,0.0,4022.88,1529.82,12464,20180.0,4734.1,134560.0,1
2596.752,2804.16,4038.3,0.0,6298.111,138.0,0.0,2912.04,1652.34,5023,16667.0,11373.8,147197.0,1
2693.952,2808.3,4186.308,0.0,6207.404,75.5,0.0,4574.04,4054.08,12485,11785.0,13901.5,156042.0,1
2892.384,2415.69,4496.52,0.0,5096.972,0.0,0.0,0.0,2452.92,10009,17145.0,17644.1,133824.0,1
2714.544,666.747,4221.462,0.0,6146.232,188.7,0.0,1848.12,1948.62,18245,10801.0,17785.2,144729.0,1
1003.248,1746.252,4300.233,0.0,6750.353,206.6,0.0,1944.48,2015.4,6215,21917.0,18754.0,143280.0,1
2463.984,2969.07,4371.36,0.0,3772.579,343.9,0.0,1741.68,1377.24,6482,11373.0,14252.9,151446.0,1
2799.072,2645.46,2510.424,457.17,6180.804,310.2,0.0,3008.64,6212.52,10151,11414.0,8914.0,147729.0,1
2994.48,2906.28,4115.37,0.0,3739.68,0.0,0.0,2374.44,0.0,12362,1800.0,7391.4,127226.0,1
799.2,2277.966,3366.846,0.0,6192.595,110.8,185.554,2988.6,0.0,6306,18100.0,13465.3,129660.0,1
1778.112,2510.841,4346.307,0.0,6555.987,0.0,191.4,3158.88,2437.8,12990,19700.0,13723.6,150195.0,1
1139.76,2916.285,3964.338,0.0,7105.797,0.0,0.0,3470.04,3253.2,3268,9600.0,13715.5,143328.0,1
0.0,2909.937,3476.466,0.0,7460.675,0.0,0.0,0.0,0.0,3122,8980.0,12518.7,111097.0,1
0.0,671.025,3350.949,0.0,7125.326,0.0,0.0,0.0,2632.8,16497,19939.0,10944.2,116131.0,1
1994.832,2551.965,4365.018,0.0,3713.693,0.0,0.0,0.0,2571.75,12035,20560.0,0.0,114636.0,1
639.936,820.893,4257.372,0.0,6678.611,0.0,0.0,2856.24,1661.49,6057,11619.0,17342.6,139250.0,1
938.304,1327.56,2257.332,0.0,6985.715,0.0,468.0,3747.36,1969.92,15990,8216.0,16107.1,140231.0,1
1570.752,2302.392,3585.414,0.0,6568.011,0.0,0.0,625.68,1941.18,6086,16388.0,13751.3,136391.0,1
0.0,2653.395,3500.28,0.0,6019.251,0.0,0.0,0.0,481.32,8564,14477.0,10942.0,119724.0,1
0.0,621.69,4333.686,0.0,4339.844,0.0,0.0,0.0,0.0,0,12895.0,15838.5,107706.0,1
0.0,0.0,3983.259,0.0,5042.688,0.0,0.0,0.0,0.0,8392,7116.0,7722.6,101698.0,1
1578.528,1088.613,2558.808,0.0,3364.536,0.0,141.24,711.36,640.74,6095,7002.0,6714.0,102554.0,1
1346.256,2352.969,4188.702,0.0,5790.414,0.0,163.8,3432.84,474.42,8191,15391.0,12638.6,138212.0,1
940.32,3015.162,3759.189,0.0,6256.278,0.0,487.56,787.08,1887.0,5904,11297.0,12111.5,132906.0,1
0.0,0.0,4504.017,0.0,5466.82,0.0,0.0,0.0,0.0,2545,8210.0,10058.5,99677.0,1
0.0,503.01,1964.844,0.0,6316.228,0.0,0.0,0.0,0.0,12117,8001.0,3709.1,93048.0,1
0.0,793.845,0.0,0.0,5776.991,0.0,0.0,3474.72,3487.62,3219,8765.0,8692.7,116360.0,1
1426.896,2112.711,0.0,0.0,5331.97,0.0,0.0,224.4,1935.9,6449,3800.0,18612.7,125285.0,1
1196.064,2561.97,4394.46,0.0,3163.52,0.0,0.0,0.0,2326.2,11326,11660.0,9010.4,117101.0,1
0.0,2525.952,4526.508,0.0,6118.231,0.0,0.0,0.0,0.0,9920,18215.0,10488.7,104276.0,1
0.0,0.0,3930.024,0.0,5630.802,0.0,0.0,0.0,0.0,12595,12178.0,15955.1,101758.0,1
0.0,1229.511,4098.276,0.0,4477.397,0.0,0.0,0.0,2434.59,6439,12402.0,0.0,108519.0,1
