L_501;L_503;L_511C;L_511R;L_512;L_521;L_551;L_561;L_562;Trasfega;Filtracao;Brassagem;Heat;;;
0;0;2384.407;0;3020.924;0;0;0;0;10397;14865;17563.8;653744.4427;;;
0;0;1621.611;0;6076.104;170.8;0;2640;0;12859;3640;13985.4;643972.9517;;;
1407.75;2241.603;2118.966;0;2748.683;623.9;202.032;3868.92;441.96;11091;11693;12221.7;1081341.392;;;
2804.25;2814.027;3680.043;0;3817.594;35.4;0;271.2;1186.14;6238;0;14022.1;1026302.677;;;
3393.75;0;4069.322;0;6866.077;0;0;1642.08;797.52;3204;12852;12318;1035454.025;;;
2969.25;1831.95;3902.757;0;6665.538;305.5;18.84;2889.12;2341.26;8111;11021;1750.3;692256.4858;;;
3439.8;2494.35;0;922.333;6861.8;389.2;0;2606.88;3042.09;6283;17433;10480.8;598048.8431;;;
881.55;2738.817;0;3163.561;5182.312;142.8;0;2829.84;2441.916;8835;9760;17542.2;1136319.052;;;
3239.7;3296.13;0;3776.533;3239.177;333.5;0;2826.36;1804.32;12698;7200;15857.5;897543.748;;;
3172.05;3456.417;0;2897.652;6234.923;69.6;541.08;2181.6;1797.54;6444;17403;10987.6;1130807.939;;;
3475.8;3019.923;1928.843;1431.743;6120.773;355.9;600.72;3040.44;1826.58;6131;9045;15705.1;1049793.924;;;
1270.65;0;4051.473;0;6712.222;0;0;5122.56;1829.88;15553;4577;14610.3;862995.578;;;
0;0;1386.928;0;5900.3;0;0;1123.8;0;6393;14248;3416.2;312354.2773;;;
0;720.36;4411.187;0;6109.595;482.5;0;0;0;3370;12540;14135.3;718559.8085;;;
1894.65;3255.213;4418.728;0;5549.215;138.5;0;0;0;6240;10523;8944.8;680435.6394;;;
2558.7;1509.03;3468.918;0;3638.965;424.5;216.288;0;1164;13665;8501;17876.5;854141.0363;;;
0;1286.16;4422.732;0;6002.465;195.3;596.88;1860.96;1840.8;12181;12740;10882.5;863994.6512;;;
0;2432.25;3327.443;0;3951.152;274;636.72;1375.08;1101.6;2253;13799;10819.3;649757.4073;;;
0;0;3474.541;0;4111.624;0;0;406.92;3126.72;10304;5676;16234.3;539372.2363;;;
0;0;2707.059;0;6141.996;152;0;2029.56;3371.76;9176;17243;12114.9;684995.1038;;;
1638;2074.14;3987.147;0;6845.014;424.4;609.84;2030.52;3733.35;3248;12503;13770.8;691821.6572;;;
3025.5;3778.44;3262.926;0;6698.1;48;602.88;3534.6;4153.14;7269;12595;0;485504.0066;;;
3802.65;1802.832;3001.724;0;2759.053;416.4;612.96;936;2067.36;6299;8616;0;648496.8647;;;
3037.65;0;4118.909;0;5761.98;338.5;381.72;0;3282.51;9786;15692;0;484869.0777;;;
2358.75;0;3128.16;0;3977.34;56.1;0;2073.72;2266.98;3189;11006;0;309952.233;;;
3654;0;2738.349;0;4411.022;352;0;2696.4;2665.08;9712;11493;10465;1228109.092;;;
1497.6;2877.645;3789.483;0;5294.445;210;196.992;2164.8;2525.82;6037;7400;10842.2;1293689.652;;;
3056.7;2824.17;3694.081;0;6005.533;203.2;192.211;2229;1688.46;12797;16677;13877.6;829768.8597;;;
3064.95;3098.79;3074.186;0;6831.457;192;387.72;2718.48;1662.48;3763;14538;15873.1;746562.1919;;;
2570.85;301.53;4278.786;0;4802.982;216.2;600.96;3227.52;1828.56;13383;16060;15959;866979.1436;;;
0;2719.98;3469.749;0;7094.983;244;0;2314.92;2532.15;11357;27640;5519.4;734285.6158;;;
0;211.14;3716.254;0;5797.892;338.5;0;1477.8;3690.9;0;14030;14053.6;1028823.721;;;
0;0;4316.914;0;6126.825;0;0;0;1077;6258;17180;16197.2;489584.0298;;;
0;0;1328.012;0;6236.496;279.1;0;2965.68;1452.36;6306;0;14458.9;585523.9901;;;
585.9;2086.56;0;2010.294;6332.61;276.5;0;1344;1452.996;6007;0;17909.3;931995.2613;;;
3273;2305.635;0;3795.873;6388.091;477;616.2;2005.92;1912.032;9700;0;12316.9;1050735.726;;;
2765.7;0;0;3248.165;4218.27;497.9;582.96;932.88;1636.128;10514;0;14252.4;480051.4719;;;
2899.95;1870.176;0;888.466;5675.106;0;192.6;1855.44;1537.2;9476;0;8930.9;864899.6269;;;
2614.8;1564.92;0;2598.131;4945.175;231.5;0;1979.04;1684.8;6330;0;11774.7;920646.2184;;;
0;0;0;2061.244;7012.305;0;0;0;803.52;9700;0;10206.8;788313.2684;;;
0;0;0;2758.435;5417.512;316.1;560.64;1924.32;1882.11;7781;0;14530.9;535204.1285;;;
0;1567.542;1559.5;0;6691.322;109;0;2017.44;1902.06;6389;0;8750.6;963934.3867;;;
2363.4;3446.895;4269.201;0;7279.906;224;598.2;1818.6;2220;9696;0;5117.3;970602.7573;;;
2980.95;3016.197;3213.318;0;3225.66;552;0;2503.2;1143;9577;0;15607.6;1059365.333;;;
2469;2678.511;3000.403;0;4264.672;315.3;180.897;1993.32;3685.35;10174;3709;11015.5;939646.2914;;;
2894.85;1105.38;3329.83;0;5367.034;223;0;1993.32;4037.04;6336;20095;15841.7;1116526.853;;;
507.3;0;3330.042;0;6419.644;0;0;0;3800.52;10101;9550;8498.8;794811.0276;;;
0;633.42;1529.617;0;6155.594;0;179.533;2027.88;3061.92;6436;11330;12776.1;766976.3747;;;
2818.725;3023.58;3355.901;0;5804.67;0;0;1405.68;1574.58;5598;5080;1785.3;1015469.079;;;
3437.85;2583.36;3968.787;0;1959.638;120;0;0;994.68;6372;19773;15786.4;981484.984;;;
3282;0;2889.217;0;6269.018;636;351;892.68;1457.82;16072;2432;13256.8;1262059.627;;;
3053.85;0;786.566;0;6694.993;309.2;607.44;1528.44;3900.24;3253;19002;15934.1;1016685.114;;;
1951.05;0;2168.212;0;6631.038;330;0;1200.96;3155.424;15400;10000;14122.2;692105.6373;;;
0;0;4186.132;0;6161.163;0;0;1633.8;822.6;4785;12230;5331.6;472306.1927;;;
0;1605.009;3798.046;0;3943.608;411.5;0;823.44;2106.96;6382;5800;0;368665.0296;;;
0;2940.987;3571.967;0;3903.257;328.4;0;2673.48;4441.35;9374;14900;14229.1;927397.5818;;;
2216.7;3041.52;3532.989;0;6781.18;120;587.28;2586.96;0;2914;15580;19431.9;1091574.623;;;
3343.2;1467.147;3551.051;0;6304.042;603.5;0;1819.08;2633.4;14071;5700;14365.9;983839.1527;;;
3412.5;2465.37;3864.373;0;7005.406;271;172.8;1845.6;4358.49;8355;28220;5315.8;864135.5855;;;
2438.25;2932.914;3354.026;0;6919.904;0;0;1885.92;3889.32;8470;7800;3517.5;942305.3074;;;
0;0;1747.026;0;4425.023;0;0;0;0;14644;10387;12515;728421.1084;;;
0;0;4416.236;0;3650.948;249;0;0;0;6279;10990;19101.5;802319.9851;;;
399.9;0;2425.73;0;6174.882;355.9;0;0;663.84;9869;9165;17749.7;691392.4701;;;
2246.4;372.6;3748.524;0;4391.21;0;0;1390.44;1761.54;6148;6218;14575.7;958055.0931;;;
2758.2;1994.1;3082.046;0;6423.68;257.2;0;797.88;1832.46;6284;17811;12205.7;1183427.995;;;
2242.8;2191.371;2604.074;0;4698.273;216.1;0;0;1318.98;15889;16120;8729.6;920218.7217;;;
2657.7;2731.779;2547.821;0;6266.436;0;0;0;0;9130;14140;0;575725.3679;;;
0;0;3608.774;0;6057.544;0;0;0;0;5824;11540;0;647246.6835;;;
0;0;4417.066;0;6747.73;30;802.44;0;0;9722;5810;10517.8;783496.6831;;;
2215.5;0;2566.011;0;6390.713;386.2;0;0;2263.44;2640;7912;15994.1;894129.6;;;
2976.6;0;3745.562;0;1858.602;623.5;0;0;1192.632;0;13833;3627;487067.5573;;;
2479.95;0;2407.837;0;2123.378;24.3;23.76;0;1469.88;9381;3340;1678.6;503443.7836;;;
3702;0;2431.097;0;6120.651;263.4;183.816;0;2332.368;9261;17710;18883.9;1116948.788;;;
2634;0;2157.051;0;6808.296;253;0;0;840;12451;17641;15203.1;1074882.416;;;
0;0;4558.924;0;6244.203;0;0;0;0;9161;10570;19493.4;679538.6835;;;
0;2424.522;3895.727;0;5221.936;215.1;0;811.8;3036.75;6294;10370;17561.9;800325.3215;;;
2353.8;3067.74;3814.87;0;4588.037;390;0;1123.68;1917.51;7265;10092;0;890059.6427;;;
2769.6;3021.027;4328.117;0;1958.226;0;125.88;0;1785.75;9486;14250;5057.5;640572.3183;;;
2997.9;2949.75;926.806;272.683;4134.262;0;436.44;567.36;1731.36;6318;6260;12831.6;841123.5283;;;
2392.2;1686.774;0;2537.555;10113.446;0;0;0;2446.56;6368;12104;8250.6;823259.7787;;;
2439.15;1393.386;0;3554.501;2784.956;0;0;0;2780.34;4917;12082;0;550260.2247;;;
0;0;0;1557.541;7820.476;0;0;0;0;3959;9670;0;323623.3418;;;
0;0;1021.548;0;7139.125;0;0;0;0;12809;9150;0;254159.1212;;;
0;0;2532.229;0;7295.038;0;0;0;0;6435;4800;0;411866.3196;;;
0;1691.19;4275.997;0;4043.514;0;0;0;0;6324;9676;7037.8;735604.8672;;;
0;3455.589;2531.036;0;4490.229;0;0;0;0;6281;920;0;343332.8481;;;
0;0;0;0;0;0;0;0;0;0;0;0;327859.4388;;;
0;0;0;0;0;0;0;0;0;0;0;0;0;;;
0;0;0;0;0;0;0;0;0;4982;0;0;32292;;;
0;0;0;0;0;0;0;0;0;4895;6600;0;161460;;;
0;0;0;0;4099.479;0;0;1200;3420;5095;0;0;258336;;;
0;0;0;0;1101.434;0;0;0;5425.32;0;0;12401.8;653310.3834;;;
0;0;0;0;0;0;0;0;4380.24;0;0;3637.9;407013.7641;;;
0;0;0;0;0;0;0;0;3840.87;3613;0;0;256183.2;;;
0;0;0;0;0;0;0;0;1152.6;0;9000;0;96876;;;
0;0;0;0;0;0;0;0;0;5948;5;0;32292;;;
0;1719.204;2853.455;0;0;0;0;0;0;0;0;0;374721.7641;;;
0;2415.69;3072.12;0;0;0;0;0;0;0;9700;0;529445.1399;;;
0;2262.993;3364.91;0;0;0;0;0;0;0;8380;12340.4;630469.6887;;;
2813.4;0;2894.351;0;0;0;0;0;0;0;5360;12534.5;688511.2514;;;
0;0;0;0;0;0;0;0;0;12590;0;0;32292;;;
0;0;0;0;0;0;0;0;0;0;0;0;96876;;;
0;0;0;0;0;0;0;0;0;0;0;0;123570.3784;;;
0;1467.216;444.233;0;0;0;395.28;0;1555.44;0;867;0;590324.9675;;;
0;0;0;0;0;0;0;0;0;0;0;1047.8;170105.2833;;;
0;2528.091;2590.165;0;0;0;0;0;3718.92;9324;4500;11313;661993.0761;;;
0;3288.747;3568.133;0;667.752;0;0;0;4324.68;6266;5150;12565.2;851138.0551;;;
0;418.485;3469.195;0;993.014;0;0;0;3442.74;0;11250;12264;710232.6019;;;
0;0;4031.089;0;450.548;0;0;0;800.4;0;3150;3572.2;299275.5623;;;
0;0;1788.731;0;1723.55;0;0;0;0;3034;0;0;140166.4473;;;
0;0;0;0;3502.098;0;0;0;1756.8;0;7200;0;310726.5525;;;
0;2018.25;4156.269;0;3549.711;0;0;0;4311;4890;5038;5688;759818.6147;;;
0;3415.5;3759.557;0;831.614;0;0;0;4999.32;4977;4242;13198.6;518475.0276;;;
0;3071.604;3320.436;0;0;0;0;0;3407.58;0;11277;12913.8;561259.8756;;;
0;3134.049;0;0;4222.627;0;0;0;1194.75;9275;10160;9210;1054460.145;;;
0;0;3375.986;0;3937.917;0;0;0;0;3131;6518;0;463768.6441;;;
0;0;0;0;5406.214;0;0;0;0;0;8085;0;323623.3418;;;
0;322.92;2711.277;0;2017.339;0;0;0;4698;5947;3553;15534.9;774625.9316;;;
0;2574.39;3653.633;0;1352.4;0;0;0;3743.4;5844;0;12256.1;872341.3148;;;
0;2996.808;3229.889;0;2961.882;0;0;0;0;10114;6021;6391;289652.5753;;;
0;0;0;0;3693.522;0;0;0;0;6320;14200;1583.1;77265.9001;;;
0;567.18;3740.749;0;3478.7;0;0;0;0;4832;9265;15866.8;673808.9666;;;
0;2993.91;2170.896;0;5513.545;0;0;607.8;784.08;2580;7433;14577.4;861597.2095;;;
0;2903.175;0;0;6169.677;0;0;0;3560.28;12115;7043;11582.6;755121.1308;;;
0;3246.174;3891.873;0;5854.866;0;0;0;4131.78;6177;11948;13635.3;489561.1192;;;
0;3395.283;3840.71;0;6328.131;0;179.928;0;3965.28;6355;11191;21531.7;844373.6298;;;
1203.3;947.922;3865.013;0;2807.174;0;0;1582.32;4732.32;9748;10939;13069.1;935550.1919;;;
756.45;888.03;3322.374;0;4524.492;0;799.2;1835.16;4539.48;6156;9308;6744.9;873400.2553;;;
0;3129.84;3717.787;0;4033.68;0;0;1886.4;4022.88;11557;6773;15799.1;586940.1749;;;
0;2996.808;4158.74;0;4005.585;0;0;1881.36;2747.1;9513;15554;10613.2;532649.4748;;;
0;1894.119;4031.152;0;5921.161;0;0;0;2967.63;6750;16517;5700.8;890786.8899;;;
1005.45;1004.295;1934.764;0;5265.554;0;0;1986.48;2181.18;12410;5938;10357.7;868097.5959;;;
3009.45;3005.364;4014.731;0;5250.1;0;0;2388.72;2053.62;10116;16953;14827.9;852391.9362;;;
3022.95;3160.062;4046.851;0;4385.522;0;0;2419.32;1879.2;9013;10477;9792.4;930066.5774;;;
3067.5;2790.705;4446.375;0;6036.279;0;0;2022.12;2193;6137;10802;10743.7;911515.1644;;;
3293.55;3255.213;3840.944;0;5953.843;0;0;3157.8;3197.28;11132;15003;15938.2;930949.3646;;;
1643.7;2786.841;3960.373;0;6031.881;0;0;2046.48;2388.33;5997;15916;14171.1;1025613.137;;;
0;0;4303.409;0;5986.891;0;0;0;3655.05;8648;13618;14048.1;538855.5167;;;
837.9;0;2340.273;0;2283.366;0;0;1544.64;3998.28;12122;10020;1772.4;367406.9256;;;
2770.2;0;3552.968;0;4447.8;0;0;2636.88;3879.21;3199;12335;6135.8;831392.0423;;;
3453;2694.519;3957.413;0;4431;0;123;2590.08;3385.734;12456;14037;17381.4;1114585.04;;;
2603.7;3355.608;3813.424;0;5080.32;0;420.72;3190.8;1530.432;9214;18720;15906.2;1077676.471;;;
2442.15;3384.45;4009.981;0;4896.696;0;538.92;0;2538.12;12533;15119;17863.5;1237826.794;;;
2866.5;2528.781;4247.817;0;4108.643;0;0;2249.88;2386.2;12300;13999;13481.7;1471341.172;;;
3240.45;0;4447.93;0;6681.073;0;0;0;3902.4;7933;12252;9300.3;962571.9909;;;
1349.25;0;1988.483;0;4339.279;0;0;1944.12;4326.36;6100;10372;8687.7;242531.423;;;
0;0;3222.115;0;6069.124;0;451.68;2700.84;4756.44;6106;12177;13348;892087.1942;;;
0;1831.95;4448.74;0;5391.002;0;346.68;2984.52;2039.25;12587;15601;14135.9;943514.4423;;;
0;3086.784;4328.458;0;5174.322;0;0;2261.16;3377.85;9494;8350;16020.5;536493.5113;;;
1514.25;2704.041;4076.138;0;5305.904;0;0;2662.56;2750.55;14633;15800;12934.4;1026044.701;;;
3073.95;3407.841;3317.092;0;5675.469;0;0;2439.72;4037.28;5862;14019;11696.6;1041047.562;;;
3152.55;2857.842;4064.976;0;6148.614;0;0;0;4443.36;9519;16001;14568.8;536181.7641;;;
0;0;1128.091;0;2048.368;0;0;1901.52;2648.064;5039;3367;2276.2;1379419.874;;;
0;0;3033.334;0;3970.238;0;0;1582.56;1262.364;5448;8234;10644.5;925875.8939;;;
0;1134.015;3810.783;0;4861.529;0;0;1565.88;2786.97;12228;11033;9930;608963.7273;;;
723.45;3207.12;4065.254;0;6039.83;0;0;2635.92;3137.88;2606;14588;5702;1028683.773;;;
2820.9;0;2535.296;0;5610.668;0;0;2042.04;1117.14;9122;10670;7653.7;471187.4189;;;
1678.05;0;4442.37;0;6064.403;11.7;0;2526.36;1288.98;0;10531;10168.9;917944.6019;;;
0;0;3953.749;0;5453.828;0;0;0;311.67;12118;8920;13091.7;904485.7501;;;
0;0;1777.911;0;3812.591;80;0;0;3555.72;5894;11209;9897.9;832756.7851;;;
0;0;3435.391;0;5716.183;64;0;2830.92;1525.26;6082;5163;8532.9;700464.829;;;
0;2353.59;4163.852;0;5223.67;0;0;3440.16;3490.38;6152;10066;5545.3;929282.3229;;;
0;2864.535;2797.201;0;6399.349;0;0;4104;2346.84;9243;16531;3233.1;802119.2332;;;
866.25;3805.764;4448.974;0;6635.033;0;0;4368.96;1233.288;12050;13036;5529.3;1025297.842;;;
2959.2;1285.47;3622.47;0;3333.757;0;0;1742.4;512.88;8750;7099;13058.7;827036.713;;;
0;0;4091.943;0;3052.056;0;0;761.52;1679.76;6539;14420;9623.1;848093.1432;;;
0;0;3059.468;0;5103.84;0;193.752;986.4;2051.46;5894;3600;11255.5;584696.0804;;;
0;0;3690.012;0;2767.212;275.2;424.8;2023.44;1803.6;4200;9371;16513.5;890612.5994;;;
2218.65;353.97;4507.634;0;5547.444;0;373.08;1963.2;2862.36;14605;15856;11188.5;887677.406;;;
3158.55;3479.601;4045.126;0;7231.308;0;509.28;2261.76;4116.45;11868;15667;5221.2;882948.7063;;;
3055.2;3496.23;3563.384;0;2462.586;0;0;3180;3286.68;9449;14916;15260.8;1025298.444;;;
1161;3160.062;3001.553;0;5406.198;0;0;3347.28;2377.26;8652;10291;16432.8;1076730.114;;;
0;0;4416.257;0;6056.988;0;0;865.2;3291.15;3036;12912;15871.6;959871.578;;;
0;0;4109.004;0;5685.54;0;801.72;1073.76;3612.84;12690;9568;12371;701918.0555;;;
0;0;2345.002;0;6502.566;0;0;2845.92;6079.8;11317;10123;10753.2;727678.536;;;
0;763.83;3812.189;0;5618.256;40.8;0;3988.8;2985.672;8855;12740;9235.3;874233.0226;;;
1479.6;3138.879;4281.044;0;3950.142;81.5;395.64;4196.52;1090.008;8439;6326;15140.8;1108336.662;;;
2780.55;4028.772;4369.418;0;5802.804;138.5;372.48;1825.2;1608;9399;21116;15939.1;1181864.094;;;
3021.6;94.53;4370.611;0;6210.918;0;0;1814.4;3265.47;9227;15318;7041.7;1141037.604;;;
3893.4;0;4785.981;0;6714.54;0;0;1840.8;5621.76;12350;9603;18764.5;942375.3716;;;
321.15;1682.91;4039.801;0;6565.356;0;0;797.4;4134.3;6177;18550;5718.1;518719.7223;;;
3118.5;4216.452;4920.13;0;4741.043;0;0;4136.16;3103.32;11346;8680;0;2096920.24;;;
497.55;456.78;2195.412;0;3378.425;0;0;1351.32;2429.43;3790;7433;1372.5;1266010.904;;;
0;0;3795.66;0;4049.365;0.9;0;3121.2;790.74;12199;14674;14659.2;1419707.005;;;
0;1906.125;4066.895;0;5693.991;0;0;3450;1128.96;4922;12656;12935.5;1307679.927;;;
0;2860.257;4395.808;0;6273.256;0;0;3261.6;1439.016;5963;8360;15990.1;1047299.29;;;
0;0;4925.582;0;6213.901;0;0;0;2556.954;5874;12474;16492.7;945975.9221;;;
0;2352.21;3657.253;0;5886.258;0;0;2048.16;3083.4;10437;5580;7439.7;864470.6425;;;
0;2504.01;4389.504;0;6091.236;0;200.664;3200.88;2403.78;5856;22826;3109.3;645683.2663;;;
0;3256.8;2191.855;0;7030.705;206.3;0;3715.32;1230.24;8938;15001;11995;768002.6433;;;
0;1894.05;3781.688;0;3678.346;0;0;2911.8;4496.28;13790;9800;11019.9;804299.6427;;;
0;1769.85;3932.236;0;4731.441;0;592.2;3901.44;5692.2;6650;4009.2;12627.5;832323.3956;;;
2751.6;3588;4499.263;0;6803.817;0;0;3818.16;1576.44;11983;22120;14349.7;946555.0027;;;
2754.3;0;4534.323;0;6512.571;0;0;0;1862.64;4773;14000;15788.3;912783.7845;;;
3042;0;3397.691;0;6408.912;163.5;0;1752;2467.74;10059;11063;13682.9;1042026.943;;;
2717.55;213.141;3490.559;0;3376.904;0;0;2036.52;5793;6921;0;6927.7;1053214.619;;;
2972.7;2030.601;2662.735;0;4932.438;0;0;1830;2856.33;8476;0;4695.5;1180677.13;;;
1041.45;1790.067;4054.839;0;5218.5;306;0;2062.32;2930.88;11743;8065;18376.6;834616.6073;;;
0;2369.46;3964.101;0;5766.642;366.5;0;2629.2;4068.15;12720;10531;19412.4;982850.2607;;;
0;2737.851;4106.363;0;6409.284;0;0;3434.76;2798.82;6206;11550;14804.3;1086129.039;;;
0;1266.357;3895.983;0;6668.844;0;0;0;1950.348;15575;8680;15418;1010559.922;;;
793.8;0;3792.295;0;3787.056;0;0;1977.72;1653.12;2976;15862;14911.5;1201747.897;;;
3075.45;1812.63;3006.367;0;2512.692;0;402;1953.6;1826.64;8910;6953;5766.9;1104117.112;;;
2933.7;1863;2204.422;0;6912.276;359.5;0;3455.52;2847.72;8134;20871;12562.6;1041706.488;;;
3315.3;3542.322;2304.553;0;6895.602;173.5;0;2273.76;636.6;12154;9482;16587.3;1100852.255;;;
1467.9;3396.87;4101.933;0;7087.458;0;0;3794.4;1113.24;14754;13338;3591.4;905965.8371;;;
0;3764.778;4175.205;0;6553.89;0;0;3622.44;3475.68;16038;13555;17397.1;1097888.628;;;
1455.15;0;4542.182;0;3514.142;0;0;0;2398.56;5626;14514;17683.4;917481.2684;;;
3467.85;0;4410.165;0;5820.649;0;0;1200;1913.22;2951;13230;17581;1207829.948;;;
3476.4;1851.891;3938.52;0;6325.669;0;0;3182.4;3372.72;9290;12943;16424.3;1174631.847;;;
0;3376.86;3723.495;0;5041.652;389.4;0;2538.84;2758.56;9064;18631;16372.5;1219491.204;;;
3175.2;946.473;4434.106;0;6395.637;436;0;2634;4558.5;9366;10420;12760;419473.0732;;;
3714.45;1601.49;4812.607;0;5702.303;402;0;3225.84;5731.83;9086;12550;0;602798.6114;;;
0;1247.52;2816.073;0;1247.52;0;0;7015.8;0;12666;2484;3128.1;819982.0203;;;
0;0;4083.955;0;0;0;0;643.68;5513.88;5975;18869;15791.6;1010559.922;;;
0;0;2110.574;0;0;0;0;2268.6;3817.488;6014;10174;11389.5;704055.5975;;;
1786.8;1359.921;4567.423;0;1359.921;0;407.88;542.4;1436.112;12603;15537;15805.7;890639.7936;;;
3450.9;3679.632;4261.363;0;3679.632;413;385.8;2726.4;1885.8;9159;15020;10680.7;1061188.314;;;
2135.4;3408.186;4072.965;0;3408.186;52;196.992;3900.24;1807.68;12707;19644;15997.9;954497.8835;;;
1976.4;4082.73;3803.03;0;4082.73;325.4;0;2187.24;2053.32;13312;11998;7179.8;785380.286;;;
3447.15;0;3827.12;0;0;0;0;3246.36;1721.34;3239;16585;6263.2;833788.2777;;;
0;0;4126.599;0;0;0;0;0;2311.02;6264;14952;11731.8;869043.2684;;;
0;0;3058.403;0;0;132;409.08;2635.08;2810.19;12348;16166;15060;878102.0269;;;
491.4;1690.569;4079.653;0;1690.569;540;804.48;3226.44;2003.88;9544;7521;16024;811213.3098;;;
3463.5;3334.77;4165.344;0;3334.77;255;802.68;2008.92;3560.01;7761;16329;13910.4;895391.7376;;;
3658.5;2061.72;4020.758;0;2061.72;0;0;3241.2;4525.74;6256;18014;12270.5;1025180.418;;;
1544.55;0;2946.195;0;0;541;0;2977.08;4173.84;15425;12296;6634.9;997696.6616;;;
1800.6;3243.483;4366.479;0;3243.483;120;0;3290.64;5267.64;9859;14820;17587.8;1244357.574;;;
0;0;3892.532;0;0;0;0;0;0;9269;21199;18825.5;886089.406;;;
0;2067.102;2602.774;0;2067.102;0;0;1835.04;1384.08;15506;6024;11382.7;857988.087;;;
0;3613.944;4275.805;0;3613.944;150;0;3149.64;976.5;6112;10441;3466.4;1040877.154;;;
2633.7;0;3667.519;0;0;247.9;0;2664;1250.73;8989;15568;17942.5;971992.3486;;;
3567.75;3415.638;3869.912;0;3415.638;0;0;1850.76;4357.26;11711;12995;17901.2;1168664.068;;;
1571.25;3128.391;4606.444;0;3128.391;322;0;1707.84;3118.26;12274;19870;8089.8;1100171.057;;;
2296.35;3188.421;4172.372;0;3188.421;78.3;0;0;4679.88;12884;19066;18304.4;1104241.433;;;
0;2972.313;4596.412;0;2972.313;0;0;0;4862.7;3905;16770;21670.7;1234116.792;;;
0;1456.728;2992.906;0;1456.728;0;0;0;3260.52;12260;0;3604;889662.0899;;;
0;0;4376.788;0;0;231.3;0;0;2507.82;9232;19249;12264.9;683961.9341;;;
2938.2;3064.221;4017.287;0;3064.221;388;182.232;265.68;2391.12;8517;9393;15806.6;785885.2464;;;
3303.75;3537.285;2134.771;0;3537.285;299.3;595.8;2179.32;4444.44;6426;17440;11857.9;884458.6669;;;
4040.55;3239.619;0;0;3239.619;377.8;746.4;2271;5306.04;12577;15222;15226.8;901105.343;;;
933.75;2734.47;0;0;2734.47;0;0;4141.32;3519.48;6229;18095;18006.6;738902.3834;;;
0;3320.556;1747.239;0;3320.556;0;0;0;3275.28;6367;5947;14854;405703.5482;;;
3312.3;2648.358;5358.612;0;2648.358;418;0;2394.48;3220.848;9841;16463;12033.2;751259.6759;;;
2203.35;0;3038.53;0;3375.923;185.8;0;1757.52;1655.64;12934;12773;1702.5;1072644.865;;;
3344.7;1366.2;2988.219;0;7014.122;0;411.6;2601.48;5105.55;18331;14936;17307.4;971548.6433;;;
1428.9;2783.874;2106.272;0;5932.7;219.4;378.96;2928.36;1239;9290;11185;13900.3;961770.1032;;;
1675.5;2998.947;3757.767;0;6104.43;450;0;2958.48;1649.508;6386;15730;17030.3;1006612.528;;;
3622.5;2935.467;4858.445;0;6569.948;279;0;2623.08;2378.784;6340;18181;16814.8;992065.2444;;;
1826.25;0;3881.499;0;6848.686;0;0;0;3041.88;6139;13350;11397;938524.7047;;;
0;0;4021.993;0;5191.835;0;0;2637.12;1461.39;5959;8160;3454.6;677438.7208;;;
0;0;3777.449;0;1240.319;0;0;2157.96;1288.23;12107;11980;10553.5;855381.9233;;;
3309;3457.797;4183.98;0;2906.976;287.9;0;2150.16;2011.47;10195;11650;15624.8;831438.7979;;;
3156.6;3640.578;3033.674;0;6296.295;181.5;0;2583.6;0;6399;15497;13595.6;865856.0812;;;
0;2926.221;3755.957;0;6460.721;406.5;0;2102.4;4.65;12241;10163;11248.1;884579.8433;;;
1750.35;2518.5;3510.751;0;6596.862;0;0;4045.8;0;16201;16159;12581.2;1199151.039;;;
1755.6;0;3399.608;0;6033.656;0;0;0;0;5982;12853;14746.6;688736.8555;;;
0;0;3979.308;0;5876.131;0;355.08;2229;480;6018;15121;15547.6;715077.823;;;
2053.8;0;1933.614;0;4479.657;378.6;437.64;2936.64;0;12377;7200;6382.1;478521.3455;;;
3573.15;2959.341;3501.038;0;4705.133;0;0;3211.68;2130.96;12393;19280;8496.5;898644.9724;;;
3080.85;3172.275;3950.448;0;5476.302;390;197.352;2390.52;3878.01;5885;20319;11807.7;1018219.461;;;
3620.4;3525.693;4172.478;0;6445.388;181;0;1837.92;3093.9;12057;16023;10455.5;947104.2073;;;
3493.05;3034.206;4479.22;0;4301.794;230;0;2958.12;1034.58;6245;15526;14357.7;1034061.15;;;
1277.7;3353.4;4926.178;0;4751.796;0;0;0;1811.04;9886;10339;12448;928929.7845;;;
0;0;4244.728;0;5598.18;380;0;2539.44;1548.12;12089;12624;15091.3;660876.2238;;;
2737.2;304.29;2966.174;0;6504.456;480.5;600.6;2883.6;3486.3;6313;8084;19033.3;1005739.924;;;
3368.25;3198.909;4342.133;0;3073.476;0;598.44;4890.12;1437.168;6460;20700;9002.5;841475.4819;;;
3555.15;3521.07;4003.016;0;5593.938;0;409.32;3186.96;2765.61;18558;13120;10695.8;1037309.762;;;
3322.5;3165.927;4291.801;0;7091.574;0;0;3473.76;3536.34;6212;13768;16045.4;757212.451;;;
3296.7;3306.756;4340.428;0;6583.248;0;0;2944.44;1969.35;9907;17883;17392.4;1111883.29;;;
0;0;3686.519;0;6698.244;0;0;0;0;12300;16618;17704.6;852897.2684;;;
2626.05;1870.797;1823.067;0;7040.124;0;0;3097.92;1589.28;6231;15761;10916.5;788325.9275;;;
3532.5;3180.9;4149.793;0;7162.68;374;417.6;1712.28;2201.04;11930;17795.5;14071.5;1018715.078;;;
2551.2;2521.881;4131.583;0;7008.96;414;375.36;2416.92;2482.8;6323;29264;14574.1;872883.418;;;
1516.2;2008.245;3506.129;0;4945.43;391.8;0;3066.12;1452.24;17699;12430;18189;809705.9656;;;
1215.9;3189.042;4215.44;0;6772.385;486.4;0;2336.4;3122.04;3888;10137;14676.7;1114411.025;;;
3786.3;2489.037;4200.488;0;5872.498;482.4;0;3082.08;4170.96;12791;19776;16863;955458.783;;;
0;0;1879.768;0;2498.593;0;0;0;2453.52;6361;5497;4350.6;593444.2363;;;
1286.4;1358.403;1905.115;0;0;0;0;803.28;536.58;9711;6112;0;484125.2692;;;
2596.2;2677.338;4644.018;0;0;125.5;194.904;3917.04;1678.56;11744;11596;8495.8;640771.709;;;
3283.8;696.21;4618.989;0;0;525.2;0;2621.28;1677.06;8337;16268;15622.5;442339.7646;;;
1969.8;2543.892;4022.249;0;3379.151;403.9;0;3276.48;4587.57;3095;12221;16389.4;841047.8549;;;
2594.1;3123.63;4475.513;0;6585.281;575.2;0;3754.44;4784.88;9137;13343;15386.4;996309.4889;;;
1852.2;1352.193;1671.049;0;3386.657;322.3;0;2028.6;1635.45;0;10654;7236.2;553701.0189;;;
2773.05;1069.5;2864.914;0;2803.558;0;0;0;1704.48;11362;3630;1894.9;593444.2363;;;
2377.65;2249.262;3273.448;0;4214.881;37.5;51.72;1295.04;1123.992;7987;17694;10598.3;702149.6945;;;
1255.05;2686.446;4059.95;0;5567.009;507.5;532.56;2420.52;1820.52;14688;15586;13980.7;721598.0899;;;
1346.25;2609.787;4669.087;0;5912.647;315.2;410.64;1149.48;1705.2;12618;15581;15473.2;992597.0528;;;
2761.05;967.035;4239.254;0;6733.245;604;605.04;4078.44;1654.2;5663;17490;13244.5;741463.5416;;;
2482.2;2954.718;4314.741;0;6267.565;238.5;0;3537.96;3337.98;12384;14400;13688.3;744801.7807;;;
2853.9;1800.9;4328.522;0;6834.322;172;0;3060.12;3695.52;12477;8900;16357.4;1301188.61;;;
1071;361.836;4032.836;0;6559.055;0;0;0;0;9998;16015;4947.7;1037691.039;;;
1474.2;2579.772;3905.845;0;5039.312;0;0;1985.64;1674.6;12742;11900;3209.3;1061286.301;;;
3057.3;471.96;3139.875;0;3634.255;274;195.984;3172.8;4063.5;12436;15867;12365.9;907406.6761;;;
3114;2193.786;4251.991;0;6569.892;463.5;425.52;3466.56;3456;12140;18128;13296.9;1073676.497;;;
3191.4;2934.432;2138.648;0;5873.868;185.7;373.68;3229.56;2825.49;11360;15831;16687.7;1250347.812;;;
2851.2;1440.03;0;3664.75;6265.98;518.1;0;3211.2;2757.51;0;7568;14175.7;1110363.517;;;
3213;3176.967;0;3837.834;6849.486;0;0;2597.64;2052.3;6035;14518;19813.8;1027623.028;;;
2897.7;2552.31;0;2506.413;6001.422;0;0;0;1155.12;6035;9096;14347.8;662239.961;;;
316.8;2667.885;0;3614.78;4091.808;282.5;0;0;1737.54;12626;14111;12618.8;965431.1403;;;
2786.4;713.529;4119.078;0;7562.856;59.4;594.96;2242.2;2965.68;12666;10333;7235.5;851226.487;;;
3201.3;2759.586;3386.406;0;7717.836;454.6;396.72;6203.28;0;12508;9277;18900.6;907298.3677;;;
2971.35;2654.499;4283.089;0;6737.22;85;404.04;4724.4;0;6292;16231;17180.8;1107360.911;;;
2367.3;1627.02;3711.269;0;7287;403.8;0;3982.68;4761.6;19042;13737;15267;1169685.258;;;
2989.8;3084.576;5199.947;0;8201.298;168.5;0;4048.92;3595.86;6362;19799;11007.1;1228709.016;;;
2182.2;652.602;2102.31;0;3637.732;0;0;0;3100.32;9784;14753;18246.6;1027083.922;;;
621.15;0;2481.131;0;6802.243;104;0;3574.8;2075.85;6086;14635;14414;711040.999;;;
2205;2299.218;4243.854;0;2843.142;89.5;189.648;3582.6;2595.84;12446;8930;5580.1;868311.1834;;;
2896.8;0;4591.939;0;5949.607;527.5;593.88;3833.4;4277.85;6292;12555;14414;890426.1165;;;
3315.75;2600.679;4712.242;0;6740.992;76.8;811.08;3947.04;2244.78;12474;9706;12760.1;848239.7098;;;
3763.5;3272.67;4161.041;0;6902.634;156.7;811.8;3276.24;1932.06;12251;28105;12897;946823.8213;;;
3297;2970.519;4768.218;0;6682.162;488;0;2743.2;1449.42;12577;15973;13378.3;1023438.766;;;
1236.9;2868.537;3590.541;0;6802.647;0;0;0;921.24;6287;14712;17767.7;1056059.654;;;
0;991.461;3423.123;0;4036.089;75.3;618.6;1933.2;825.78;6217;11850;12247.6;651635.224;;;
2355.75;2724.741;4472.744;0;5745.642;395.6;604.8;4125.72;2811.3;15523;15430;15881.4;1154982.711;;;
3519.75;3259.974;4418.771;0;6051.696;315;0;2246.64;2066.58;2953;13871;11564.4;667409.8213;;;
2669.7;2975.97;4801.574;0;6454.182;0;0;3469.2;1339.56;12039;17100;10738.9;784998.6893;;;
3039.45;2637.663;1982.753;0;6603.66;448;0;3794.28;3365.82;16967;12187;14122.2;812764.0812;;;
2958.9;2866.743;0;2544.924;7778.82;352.3;0;3088.8;4031.88;13421;19903;18074.5;1103945.915;;;
3186.15;2583.36;1515.133;693.869;7857.78;0;0;0;4904.25;15805;12861;14537;823849.4674;;;
3105.6;178.089;3551.135;0;3667.02;412.5;0;3814.8;4398.33;3125;11897;15437.8;845847.0251;;;
992.7;2359.938;3392.963;0;5282.214;0;0;2620.8;1877.64;15921;11610;3389.6;618703.6709;;;
3645.6;2662.089;4437.28;0;7902.048;123;607.44;3846;795.66;9239;15533;17760.6;999529.4404;;;
3135.9;2367.045;4651.451;0;5609.646;651.3;0;3742.32;1685.22;14788;15632;19464.2;953215.9909;;;
3409.65;2943.54;4724.234;0;8043.84;479.5;182.736;3340.08;1081.74;9513;16568;19676.5;1137446.507;;;
3352.95;2941.332;4596.966;0;7309.68;58.8;0;2096.64;1535.7;8945;19641;12644.5;1063713.672;;;
2665.65;2178.123;4446.822;0;3144.025;0;0;4164.6;1746.048;8774;10441;5413.3;822513.6597;;;
0;0;2323.659;0;6803.534;185.6;0;1708.44;3570.372;6130;12677;21161.5;653040.3067;;;
1360.8;2031.774;4367.949;0;6568.818;526.5;0;0;3007.86;15584;12826;11445.8;908483.7861;;;
3171;2535.75;3999.31;0;7102.891;102.3;0;633.12;2869.32;13128;17030;15081.7;1007743.707;;;
3361.05;2584.671;4602.59;0;5245.299;395;0;1082.88;3102;12044;19350;15421.7;953097.2941;;;
3288.75;2500.491;3791.059;0;5653.277;610.4;600.84;815.88;4301.16;6341;3340;13014.3;1065794.257;;;
3116.4;3049.11;3930.127;0;6511.803;75.1;0;4162.44;3970.62;9716;23708;11439.6;601742.2707;;;
3210.15;2790.912;4598.651;0;6715.653;0;0;3843.84;2014.8;0;14928;16475;881733.5436;;;
3341.85;1168.308;3616.825;0;3558.87;321.2;0;3962.52;2839.02;9173;19564;10691.3;888704.5654;;;
3090.3;2332.338;4424.671;0;5068.404;356;0;2900.04;1576.74;10831;11021;10896.6;980812.1335;;;
1023.75;2746.338;3662.195;0;3960.756;307.6;0;4565.88;1769.28;9063;13135;21366.2;892113.5925;;;
3663.3;2448.81;4383.178;0;6186.017;232.5;195.048;2367.48;775.86;12679;16601;16701.2;738274.3556;;;
3563.55;2978.592;4543.716;0;4167.496;410.7;0;3755.4;1897.62;9698;19404;5158.5;721885.5909;;;
3533.85;3147.711;4889.799;0;4294.92;210;0;3687.36;2107.68;12557;15865;16202.5;879062.0062;;;
2625;2988.045;4451.913;0;4665.192;225.5;0;3603.96;1920.12;10022;16550;16240;1027083.922;;;
3376.8;1201.221;2052.319;0;4645.368;437.3;407.4;2767.8;2861.64;9008;6418;16289.4;948540.0962;;;
3002.7;2704.455;5192.791;0;6797.112;227.1;417.96;2241.48;4327.74;15793;21061;15963;1167725.194;;;
1283.1;3009.228;4513.236;0;5965.848;568.5;375.48;4305.6;5389.95;6329;16002;14384.3;783228.8133;;;
3483.9;3179.52;4547.784;0;4077.654;431.8;0;4277.28;3268.95;12835;15717;8951.9;838324.1981;;;
3439.8;2944.092;3504.702;0;4304.094;578.1;0;3903.12;2575.68;12784;18634;12700.1;1016317.373;;;
2621.4;3285.435;4146.131;0;6749.506;246;0;4407.72;3217.92;6312;12409;16472.8;673051.913;;;
393.75;1756.947;2803.996;0;3959.424;0;0;1473.36;2088.96;5627;9868;1801.9;531074.2019;;;
573.3;733.332;2170.108;0;5215.359;441.5;0;3377.4;3036.72;12355;11170;14493.1;736946.9082;;;
2814;2452.881;4060.888;0;6653.917;496.2;198.72;1379.16;1770.912;8309;17876;18309.7;794829.5403;;;
3285.15;2345.517;4536.154;0;6577.494;384.4;0;2719.8;1101.672;12077;11128;13649;826178.8128;;;
2063.4;2141.346;4381.24;0;5830.898;333.5;502.56;4164.96;1838.76;6373;20035;15833.6;880968.4526;;;
3049.95;2848.389;4136.78;0;4002.438;372.6;0;2798.4;1977.42;12689;16839;7311.1;719030.9795;;;
2406.6;2288.454;4630.13;0;4001.84;352.5;0;3737.16;1534.14;10060;11102;17897.7;902285.852;;;
2770.05;2501.043;4511.852;0;6213.018;0;0;4203.48;1644.72;10027;19442;12448.7;974524.3026;;;
2740.5;657.294;3667.881;0;6531.882;372.8;250.8;3984;5511.6;6313;10817;21542;930907.1378;;;
1093.2;2118.3;4628.064;0;6999.468;457.3;0;2303.76;4434.12;15320;17126;17273.1;959768.7992;;;
2457;2850.39;4716.885;0;5071.92;442;0;3442.8;1723.26;9244;15017;11326.4;969011.5507;;;
2705.55;2216.211;3524.425;0;6946.8;526.4;0;3204;3602.07;11278;15406;12387.5;964432.6852;;;
3763.05;2472.891;0;0;5821.2;0;0;0;3650.13;6465;7861;17977.4;1016627.786;;;
3074.4;2466.957;1638.95;0;4608.647;440.7;0;2273.4;1393.2;12812;21043;17973.9;932588.6541;;;
3427.2;2250.228;3894.705;0;6599;0;0;3812.52;4154.64;12604;18156;14138.5;1081332.495;;;
2182.35;2640.216;4469.273;0;6666.91;383.1;0;3521.64;1158.06;11329;17098;8631.9;1001755.508;;;
3420.9;3009.366;1923.517;0;6818.625;592.6;0;4172.28;2072.4;6405;13136;19505.5;854418.691;;;
3395.4;3037.311;0;0;4364.054;245.3;413.76;4541.88;1951.8;12618;22559;15882.1;903959.8624;;;
3463.95;2991.012;4198.017;0;6605.538;341;376.32;2913.84;1703.82;9836;13068;21309.7;1099275.484;;;
0;2546.79;0;0;6006.38;0;0;0;1648.2;6294;9100;6831.4;748788.708;;;
2226.816;2534.508;2340.912;0;6487.03;235;0;3304.32;2826;12304;12000;19976;1229452.139;;;
2721.6;2640.492;2392.509;0;5487.116;0;0;0;3286.98;6706;16338;0;568550.1331;;;
3224.592;1009.125;3862.656;0;3199.835;315;0;2071.32;4378.62;12366;10019;10868.3;925275.3807;;;
1078.272;2438.874;1102.689;0;6017.395;340.1;393;2625.6;3946.68;13661;9625;14894.1;768043.9784;;;
2443.392;3254.04;3654.42;0;6622.807;186.1;0;2740.68;4165.308;3004;10950;16256.9;1054663.432;;;
3047.76;2007.486;2787.813;0;6479.444;368.7;411.72;3658.8;1308.312;12361;17507;11253;724739.0599;;;
2192.544;2875.23;3520.146;0;6551.549;130;0;3753.24;2173.92;12567;15257;13034.2;739076.3142;;;
1642.032;2731.986;3952.011;0;3502.663;182.5;0;4115.88;1866.18;6001;16751;9526.8;916638.6114;;;
2042.784;3213.123;2451.519;0;4706.868;0;0;0;1939.98;6488;10224;18924.2;585146.2019;;;
1107.36;3091.269;3207.771;0;7558.725;0;150.197;2509.8;1732.44;12774;18310;11122.1;1148358.496;;;
2489.328;877.956;448.728;0;2462.197;145;0;4167.36;1867.86;0;8600;0;534252.097;;;
1676.304;738.99;3160.206;0;0;431.7;0;3742.56;1618.38;9739;0;12699.7;876649.9051;;;
3050.496;2255.196;4132.149;0;522.144;270;0;3802.8;4627.44;9790;12170;14476;639487.7546;;;
3216.96;2757.171;3661.98;0;3942.582;507.2;0;2596.2;5647.65;13060;13670;15834;1295352.425;;;
3098.016;2554.173;3785.019;0;5284.314;130.5;0;3018.6;2960.4;3005;15572;0;638409.2692;;;
2771.856;2918.631;3257.856;0;4183.452;0;0;0;490.32;9852;10237;15857.2;1016913.544;;;
638.784;2840.937;3483.48;0;5115.726;274.5;0;3051.96;3600.72;10307;16721;12304.9;1038100.323;;;
3265.632;1261.458;3086.559;0;4529.154;300;0;1648.56;2355.66;13533;12229;6343.9;939736.4158;;;
2744.496;3087.267;4159.974;0;5356.462;214.3;387.6;3708.72;1808.46;12695;11948;0;775051.36;;;
3091.968;2533.68;3924.732;0;4731.884;590;0;4204.08;1049.7;9173;9119;14237.8;1024206.674;;;
1174.608;2899.863;4156.089;0;6428.32;178;0;4064.88;2049.57;8269;24951;14352.4;869306.1239;;;
907.2;2878.818;3220.266;0;6349.436;0;0;3578.28;1523.952;8133;5145;19540.5;860847.9967;;;
2940.048;1540.563;4010.748;0;6202.199;0;0;0;2457.504;19177;37820.9;14456.3;946820.3988;;;
2898.144;2247.054;3639.846;0;4982.337;227;39.811;3241.56;2060.64;3833;17992;20104.8;906279.268;;;
1516.464;2608.545;2221.506;0;6223.261;229.5;142.541;3790.32;3302.94;3074;7150;19565.4;837295.5921;;;
1911.168;3066.843;4229.568;0;3926.408;314.6;601.08;3702.72;4155.03;15665;12271;5530.9;929534.6056;;;
2828.304;2819.34;4158.168;0;6172.572;239;0;3101.64;4202.25;6147;0;13949.5;888290.9107;;;
3194.496;2906.28;3748.647;0;6449.436;152;519.72;4001.76;4849.05;19211;9501;16224.9;1067012.953;;;
1929.024;3219.954;1890.546;0;6102.138;450;278.4;3663.48;4982.25;12207;22600;13347.7;847398.2566;;;
2795.184;3176.07;4582.179;0;7340.256;0;0;4960.8;4300.56;22033;20546;17109.4;1052960.687;;;
0;1633.23;3126.564;0;2354.184;272.5;0;0;1456.62;7282;1000;12200;490962.0203;;;
2502.576;938.262;4195.359;0;5993.791;210.9;0;3724.56;1503.9;19106;18412;12532.4;551165.2029;;;
3100.176;3504.372;4150.419;0;2661.003;182.8;0;3794.76;1669.2;3335;13874;17819.7;618898.1472;;;
2233.728;3249.072;4485.18;0;4775.019;594.8;124.166;3655.32;797.94;15815;17493;2465.5;782935.5838;;;
1673.28;2829.621;3013.353;0;5488.327;150;251.604;3028.8;1250.94;5930;13522;13947.1;857918.6288;;;
2694.24;2934.018;4515.525;0;1695.063;267.9;0;3483.84;2022.78;12142;16625;14541.8;1054160.113;;;
2082.384;3047.04;4475.646;0;5917.247;0;0;0;1795.8;6499;11195;23336.1;978291.1735;;;
0;2804.16;4138.512;0;6626.802;148;0;1535.16;1574.82;9708;17542;15067.4;1128353.032;;;
3035.376;1118.214;3704.883;0;348.987;129.3;411.6;4654.32;1583.64;6307;7596;20540;1111842.3;;;
3144.672;1718.1;4472.265;0;0;494.9;383.52;3316.2;1979.64;6264;8200;5433.1;856299.9494;;;
2447.568;2948.577;2899.89;0;4035.605;120;0;4094.64;0;12593;8226;13980.3;896286.9215;;;
820.08;2292.732;3078.432;0;5646.216;267;0;3022.08;3334.05;6383;13880;7074.1;517313.6539;;;
3094.848;3301.305;4154.094;0;3800.198;413.9;0;1621.08;5664;9107;18500;10250.2;981427.0806;;;
366.624;0;3252.774;0;6010.536;0;0;0;1324.5;15818;14460;14978.4;795477.6597;;;
2861.712;2775.87;4370.688;0;6312.768;356.7;0;623.04;3009.63;12530;16540;8560.2;1054422.372;;;
3037.104;2589.294;4497.276;0;3057.421;189.8;0;4663.32;4688.55;8231;7640;12701.2;975676.7702;;;
2941.632;2614.41;2305.968;0;7192.468;278.4;0;2836.44;1376.58;3185;13880;16479.5;827820.3059;;;
819.216;1997.205;4458.573;0;5901.874;145.5;0;4022.88;1529.82;12464;20180;4734.1;810889.5121;;;
2596.752;2804.16;4038.3;0;6298.111;138;0;2912.04;1652.34;5023;16667;11373.8;1027828.454;;;
2693.952;2808.3;4186.308;0;6207.404;75.5;0;4574.04;4054.08;12485;11785;13901.5;834539.0441;;;
2892.384;2415.69;4496.52;0;5096.972;0;0;0;2452.92;10009;17145;17644.1;1018390.945;;;
2714.544;666.747;4221.462;0;6146.232;188.7;0;1848.12;1948.62;18245;10801;17785.2;780701.2323;;;
1003.248;1746.252;4300.233;0;6750.353;206.6;0;1944.48;2015.4;6215;21917;18754;800452.1857;;;
2463.984;2969.07;4371.36;0;3772.579;343.9;0;1741.68;1377.24;6482;11373;14252.9;1108416.99;;;
2799.072;2645.46;2510.424;457.17;6180.804;310.2;0;3008.64;6212.52;10151;11414;8914;637562.681;;;
2721.024;2210.76;0;2633.82;4701.69;111.8;0;3728.04;0;8614;8520;5098.6;541070.9712;;;
2317.968;2484;0;3447.486;6894.174;219;0;2668.56;3838.32;12416;11589;16256.8;989607.9909;;;
2724.48;1981.611;0;1783.614;6672.078;0;0;0;5026.2;9666;19721;19085.6;685570.5003;;;
749.952;1323.42;0;4416.174;6580.392;0;0;784.8;2080.728;6741;14800;15574.7;1089472.865;;;
2108.592;1788.48;2815.05;1053.906;6166.524;0;396.24;3130.32;436.536;12728;16229;9059.6;1155892.238;;;
2994.48;2906.28;4115.37;0;3739.68;0;0;2374.44;0;12362;1800;7391.4;1042378.805;;;
799.2;2277.966;3366.846;0;6192.595;110.8;185.554;2988.6;0;6306;18100;13465.3;1167616.877;;;
1778.112;2510.841;4346.307;0;6555.987;0;191.4;3158.88;2437.8;12990;19700;13723.6;1094409.604;;;
1139.76;2916.285;3964.338;0;7105.797;0;0;3470.04;3253.2;3268;9600;13715.5;1135503.838;;;
0;2909.937;3476.466;0;7460.675;0;0;0;0;3122;8980;12518.7;819633.062;;;
0;671.025;3350.949;0;7125.326;0;0;0;2632.8;16497;19939;10944.2;752851.0665;;;
1994.832;2551.965;4365.018;0;3713.693;0;0;0;2571.75;12035;20560;0;732197.6953;;;
639.936;820.893;4257.372;0;6678.611;0;0;2856.24;1661.49;6057;11619;17342.6;745573.304;;;
938.304;1327.56;2257.332;0;6985.715;0;468;3747.36;1969.92;15990;8216;16107.1;862217.2427;;;
1570.752;2302.392;3585.414;0;6568.011;0;0;625.68;1941.18;6086;16388;13751.3;850058.0717;;;
0;2653.395;3500.28;0;6019.251;0;0;0;481.32;8564;14477;10942;841272.1492;;;
0;621.69;4333.686;0;4339.844;0;0;0;0;0;12895;15838.5;971139.578;;;
0;0;3983.259;0;5042.688;0;0;0;0;8392;7116;7722.6;966799.9063;;;
1578.528;1088.613;2558.808;0;3364.536;0;141.24;711.36;640.74;6095;7002;6714;503497.8193;;;
1346.256;2352.969;4188.702;0;5790.414;0;163.8;3432.84;474.42;8191;15391;12638.6;707341.0048;;;
940.32;3015.162;3759.189;0;6256.278;0;487.56;787.08;1887;5904;11297;12111.5;422093.5751;;;
0;1029.204;0;3394.31;4651.524;0;0;0;3290.34;9721;12236;14948.7;920685.6746;;;
1104.768;2368.08;340.011;3182.886;5455.159;0;0;0;1664.37;6278;7928;15067.7;745040.8763;;;
0;0;4504.017;0;5466.82;0;0;0;0;2545;8210;10058.5;531359.9594;;;
0;503.01;1964.844;0;6316.228;0;0;0;0;12117;8001;3709.1;441247.3617;;;
980.784;3042.072;0;0;4739.592;0;0;1310.16;0;9970;12440;8751.4;630882.2823;;;
0;793.845;0;0;5776.991;0;0;3474.72;3487.62;3219;8765;8692.7;612136.5148;;;
1426.896;2112.711;0;0;5331.97;0;0;224.4;1935.9;6449;3800;18612.7;783509.1432;;;
1196.064;2561.97;4394.46;0;3163.52;0;0;0;2326.2;11326;11660;9010.4;823124.839;;;
0;2525.952;4526.508;0;6118.231;0;0;0;0;9920;18215;10488.7;539372.2363;;;
0;0;3930.024;0;5630.802;0;0;0;0;12595;12178;15955.1;481285.9954;;;
0;1229.511;4098.276;0;4477.397;0;0;0;2434.59;6439;12402;0;810585.6;;;
